Filename,Text,Width
APO 61-002 지하6층 창호 안내도-1.drawio,B6CM.037,31.84
APO 61-002 지하6층 창호 안내도-1.drawio,A6CM.001,31.84
APO 61-002 지하6층 창호 안내도-1.drawio,B6CM.005,31.84
APO 61-002 지하6층 창호 안내도-1.drawio,B6CM.038,31.84
APO 61-002 지하6층 창호 안내도-1.drawio,B6CM.004,31.84
APO 61-002 지하6층 창호 안내도-1.drawio,B6CM.007,31.84
APO 61-002 지하6층 창호 안내도-1.drawio,B6CM.008,31.84
APO 61-002 지하6층 창호 안내도-1.drawio,B6CM.002,31.84
APO 61-002 지하6층 창호 안내도-1.drawio,B6CM.006,31.84
APO 61-002 지하6층 창호 안내도-1.drawio,B6CM.009,31.84
APO 61-002 지하6층 창호 안내도-1.drawio,B6CM.003,31.84
APO 61-002 지하6층 창호 안내도-1.drawio,B6CM.010,31.84
APO 61-002 지하6층 창호 안내도-1.drawio,B6CM.011,31.84
APO 61-006 지하4층 창호 안내도-1.drawio,B4CM.006,31.84
APO 61-006 지하4층 창호 안내도-1.drawio,B4CM.007,31.84
APO 61-006 지하4층 창호 안내도-1.drawio,B4CM.005,31.84
APO 61-006 지하4층 창호 안내도-1.drawio,B4CM.008,31.84
APO 61-006 지하4층 창호 안내도-1.drawio,B4OF2.002,33.42
APO 61-006 지하4층 창호 안내도-1.drawio,B4OF2.004,33.42
APO 61-006 지하4층 창호 안내도-1.drawio,B4OF2.001,33.42
APO 61-006 지하4층 창호 안내도-1.drawio,B4OF2.003,33.42
APO 61-006 지하4층 창호 안내도-1.drawio,B4OF2.004,33.42
APO 61-006 지하4층 창호 안내도-1.drawio,B4OF2.005,33.42
APO 61-006 지하4층 창호 안내도-1.drawio,B4OF2.006,33.42
APO 61-006 지하4층 창호 안내도-1.drawio,B4OF2.002,33.42
APO 61-006 지하4층 창호 안내도-1.drawio,B4OF2.003,33.42
APO 61-006 지하4층 창호 안내도-1.drawio,B4OF2.015,33.42
APO 61-006 지하4층 창호 안내도-1.drawio,B4CM.001,31.84
APO 61-006 지하4층 창호 안내도-1.drawio,B4OF2.020,33.42
APO 61-006 지하4층 창호 안내도-1.drawio,B4OF2.001,33.42
APO 61-006 지하4층 창호 안내도-1.drawio,B4OF2.005,33.42
APO 61-006 지하4층 창호 안내도-1.drawio,B4OF2.014,33.42
APO 61-006 지하4층 창호 안내도-1.drawio,B4OF2.008,33.42
APO 61-006 지하4층 창호 안내도-1.drawio,B4OF2.007,33.42
APO 61-006 지하4층 창호 안내도-1.drawio,B4CM.004,31.84
APO 61-006 지하4층 창호 안내도-1.drawio,B4CM.002,31.84
APO 61-006 지하4층 창호 안내도-1.drawio,B4CM.009,31.84
APO 61-006 지하4층 창호 안내도-1.drawio,B4OF2.013,33.42
APO 61-006 지하4층 창호 안내도-1.drawio,B4OF2.009,33.42
APO 61-006 지하4층 창호 안내도-1.drawio,B4CM.003,31.84
APO 61-006 지하4층 창호 안내도-1.drawio,B4OF2.019,33.42
APO 61-006 지하4층 창호 안내도-1.drawio,B4OF2.017,33.42
APO 61-006 지하4층 창호 안내도-1.drawio,B4OF2.012,33.42
APO 61-006 지하4층 창호 안내도-1.drawio,B4OF2.011,33.42
APO 61-006 지하4층 창호 안내도-1.drawio,B4OF2.010,33.42
APO 61-006 지하4층 창호 안내도-1.drawio,B4OF2.008,33.42
APO 61-006 지하4층 창호 안내도-1.drawio,B4OF2.007,33.42
APO 61-006 지하4층 창호 안내도-1.drawio,B4OF2.011,33.42
APO 61-006 지하4층 창호 안내도-1.drawio,B4OF2.010,33.42
APO 61-006 지하4층 창호 안내도-1.drawio,B4OF2.009,33.42
APO 61-006 지하4층 창호 안내도-1.drawio,B4OF2.006,33.41
APO 61-006 지하4층 창호 안내도-1.drawio,B4OF2.018,33.42
APO 61-006 지하4층 창호 안내도-1.drawio,B4OF2.016,33.42
APO 61-006 지하4층 창호 안내도-1.drawio,B4HO.001,31.84
APO 61-006 지하4층 창호 안내도-1.drawio,B4HO.004,31.84
APO 61-006 지하4층 창호 안내도-1.drawio,B4HO.006,31.84
APO 61-006 지하4층 창호 안내도-1.drawio,B4HO.007,31.84
APO 61-006 지하4층 창호 안내도-1.drawio,B4HO.008,31.84
APO 61-006 지하4층 창호 안내도-1.drawio,B4CM.014,31.84
APO 61-006 지하4층 창호 안내도-1.drawio,B4HO.003,31.84
APO 61-006 지하4층 창호 안내도-1.drawio,B4HO.005,31.84
APO 61-006 지하4층 창호 안내도-1.drawio,B4HO.002,31.84
APO 61-006 지하4층 창호 안내도-1.drawio,B4HO.009,31.84
APO 61-006 지하4층 창호 안내도-1.drawio,B4CM.010,31.84
APO 61-006 지하4층 창호 안내도-1.drawio,B4CM.011,31.84
APO 61-006 지하4층 창호 안내도-1.drawio,B4CM.012,31.84
APO 61-006 지하4층 창호 안내도-1.drawio,B4HO.011,31.84
APO 61-006 지하4층 창호 안내도-1.drawio,B4HO.013,31.84
APO 61-006 지하4층 창호 안내도-1.drawio,B4HO.012,31.84
APO 61-006 지하4층 창호 안내도-1.drawio,B4HO.010,31.84
APO 61-006 지하4층 창호 안내도-1.drawio,B4CM.013,31.84
APO 61-006 지하4층 창호 안내도-1.drawio,B4CM.015,31.84
APO 61-006 지하4층 창호 안내도-1.drawio,B4CM.031,31.84
APO 61-006 지하4층 창호 안내도-1.drawio,B4CM.016,31.84
APO 61-006 지하4층 창호 안내도-1.drawio,B4CM.026,31.84
APO 61-006 지하4층 창호 안내도-1.drawio,B4CM.017,31.84
APO 61-006 지하4층 창호 안내도-1.drawio,B4CM.025,31.84
APO 61-006 지하4층 창호 안내도-1.drawio,B4CM.027,31.84
APO 61-006 지하4층 창호 안내도-1.drawio,B4CM.018,31.84
APO 61-006 지하4층 창호 안내도-1.drawio,B4CM.032,31.84
APO 61-006 지하4층 창호 안내도-1.drawio,B4CM.034,31.84
APO 61-006 지하4층 창호 안내도-1.drawio,B4CM.019,31.84
APO 61-006 지하4층 창호 안내도-1.drawio,B4CM.028,31.84
APO 61-006 지하4층 창호 안내도-1.drawio,B4CM.020,31.84
APO 61-006 지하4층 창호 안내도-1.drawio,B4CM.033,31.84
APO 61-006 지하4층 창호 안내도-1.drawio,B4CM.024,31.84
APO 61-006 지하4층 창호 안내도-1.drawio,B4CM.022,31.84
APO 61-006 지하4층 창호 안내도-1.drawio,B4CM.021,31.84
APO 61-006 지하4층 창호 안내도-1.drawio,B4CM.023,31.84
APO 61-006 지하4층 창호 안내도-1.drawio,B4CM.035,31.84
APO 61-006 지하4층 창호 안내도-1.drawio,B4CM.039,31.84
APO 61-006 지하4층 창호 안내도-1.drawio,B4CM.036,31.84
APO 61-006 지하4층 창호 안내도-1.drawio,B4CM.037,31.84
APO 61-006 지하4층 창호 안내도-1.drawio,B4CM.029,31.84
APO 61-006 지하4층 창호 안내도-1.drawio,B4CM.030,31.84
APO 61-006 지하4층 창호 안내도-1.drawio,B4CM.038,31.84
APO 61-006 지하4층 창호 안내도-1.drawio,B4CM.065,31.84
APO 61-006 지하4층 창호 안내도-1.drawio,B4CM.040,31.84
APO 61-006 지하4층 창호 안내도-1.drawio,B4CM.041,31.84
APO 61-006 지하4층 창호 안내도-1.drawio,B4CM.045,31.84
APO 61-007 지하4층 창호 안내도-2.drawio,B4CM.063,31.84
APO 61-007 지하4층 창호 안내도-2.drawio,B4CM.062,31.84
APO 61-007 지하4층 창호 안내도-2.drawio,B4CM.064,31.84
APO 61-007 지하4층 창호 안내도-2.drawio,B4CM.059,31.84
APO 61-007 지하4층 창호 안내도-2.drawio,B4CM.058,31.84
APO 61-007 지하4층 창호 안내도-2.drawio,B4CM.061,31.84
APO 61-007 지하4층 창호 안내도-2.drawio,B4CM.057,31.84
APO 61-007 지하4층 창호 안내도-2.drawio,B4CM.060,31.84
APO 61-007 지하4층 창호 안내도-2.drawio,B4CM.056,31.84
APO 61-007 지하4층 창호 안내도-2.drawio,B4CM.054,31.84
APO 61-007 지하4층 창호 안내도-2.drawio,B4CM.050,31.84
APO 61-007 지하4층 창호 안내도-2.drawio,B4CM.055,31.84
APO 61-007 지하4층 창호 안내도-2.drawio,B4CM.053,31.84
APO 61-007 지하4층 창호 안내도-2.drawio,B4CM.049,31.84
APO 61-007 지하4층 창호 안내도-2.drawio,B4OT.016,30.27
APO 61-007 지하4층 창호 안내도-2.drawio,B4OT.001,30.27
APO 61-007 지하4층 창호 안내도-2.drawio,B4OT.005,30.27
APO 61-007 지하4층 창호 안내도-2.drawio,B4OT.008,30.27
APO 61-007 지하4층 창호 안내도-2.drawio,B4OT.006,30.27
APO 61-007 지하4층 창호 안내도-2.drawio,B4OT.003,30.27
APO 61-007 지하4층 창호 안내도-2.drawio,B4CM.052,31.84
APO 61-007 지하4층 창호 안내도-2.drawio,B4OT.002,30.27
APO 61-007 지하4층 창호 안내도-2.drawio,B4OF1.026,34.20
APO 61-007 지하4층 창호 안내도-2.drawio,B4OF1.002,34.20
APO 61-007 지하4층 창호 안내도-2.drawio,B4CM.051,31.84
APO 61-007 지하4층 창호 안내도-2.drawio,B4CM.042,31.84
APO 61-007 지하4층 창호 안내도-2.drawio,B4OF1.004,34.20
APO 61-007 지하4층 창호 안내도-2.drawio,B4OF1.010,34.20
APO 61-007 지하4층 창호 안내도-2.drawio,B4OT.004,30.27
APO 61-007 지하4층 창호 안내도-2.drawio,B4OT.017,30.27
APO 61-007 지하4층 창호 안내도-2.drawio,B4OT.007,30.27
APO 61-007 지하4층 창호 안내도-2.drawio,B4OF1.001,33.81
APO 61-007 지하4층 창호 안내도-2.drawio,B4OF1.003,34.20
APO 61-007 지하4층 창호 안내도-2.drawio,B4OF1.005,34.20
APO 61-007 지하4층 창호 안내도-2.drawio,B4OF1.006,34.20
APO 61-007 지하4층 창호 안내도-2.drawio,B4OF1.007,34.20
APO 61-007 지하4층 창호 안내도-2.drawio,B4OF1.009,34.20
APO 61-007 지하4층 창호 안내도-2.drawio,B4OF1.011,34.20
APO 61-007 지하4층 창호 안내도-2.drawio,B4OT.009,30.27
APO 61-007 지하4층 창호 안내도-2.drawio,B4OT.012,30.27
APO 61-007 지하4층 창호 안내도-2.drawio,B4OT.015,30.27
APO 61-007 지하4층 창호 안내도-2.drawio,B4OF1.008,34.20
APO 61-007 지하4층 창호 안내도-2.drawio,B4OT.018,30.27
APO 61-007 지하4층 창호 안내도-2.drawio,B4CM.048,31.84
APO 61-007 지하4층 창호 안내도-2.drawio,B4OF1.019,34.20
APO 61-007 지하4층 창호 안내도-2.drawio,B4OT.014,30.27
APO 61-007 지하4층 창호 안내도-2.drawio,B4OT.013,30.27
APO 61-007 지하4층 창호 안내도-2.drawio,B4OT.011,30.27
APO 61-007 지하4층 창호 안내도-2.drawio,B4OT.010,30.27
APO 61-007 지하4층 창호 안내도-2.drawio,B4OF1.012,34.20
APO 61-007 지하4층 창호 안내도-2.drawio,B4OF1.027,34.20
APO 61-007 지하4층 창호 안내도-2.drawio,B4OF1.025,34.20
APO 61-007 지하4층 창호 안내도-2.drawio,B4OT.019,30.27
APO 61-007 지하4층 창호 안내도-2.drawio,B4OT.020,30.27
APO 61-007 지하4층 창호 안내도-2.drawio,B4OF1.022,34.20
APO 61-007 지하4층 창호 안내도-2.drawio,B4OF1.020,34.20
APO 61-007 지하4층 창호 안내도-2.drawio,B4OF1.016,34.20
APO 61-007 지하4층 창호 안내도-2.drawio,B4CM.043,31.84
APO 61-007 지하4층 창호 안내도-2.drawio,B4OF1.028,34.20
APO 61-007 지하4층 창호 안내도-2.drawio,B4OF1.024,33.81
APO 61-007 지하4층 창호 안내도-2.drawio,B4OF1.023,33.81
APO 61-007 지하4층 창호 안내도-2.drawio,B4OF1.021,34.20
APO 61-007 지하4층 창호 안내도-2.drawio,B4OF1.018,34.20
APO 61-007 지하4층 창호 안내도-2.drawio,B4OF1.017,34.20
APO 61-007 지하4층 창호 안내도-2.drawio,B4OF1.015,34.20
APO 61-007 지하4층 창호 안내도-2.drawio,B4OF1.013,34.20
APO 61-007 지하4층 창호 안내도-2.drawio,B4OF1.014,34.20
APO 61-007 지하4층 창호 안내도-2.drawio,B4CM.044,31.84
APO 61-007 지하4층 창호 안내도-2.drawio,B4OF1.029,33.81
APO 61-007 지하4층 창호 안내도-2.drawio,B4CM.047,31.84
APO 61-007 지하4층 창호 안내도-2.drawio,B4CM.046,31.84
APO 61-007 지하4층 창호 안내도-2.drawio,B4CM.066,31.84
APO 61-008 지하3층 창호 안내도-1.drawio,B3CM.008,31.84
APO 61-008 지하3층 창호 안내도-1.drawio,B3CM.007,31.84
APO 61-008 지하3층 창호 안내도-1.drawio,B3CM.009,31.84
APO 61-008 지하3층 창호 안내도-1.drawio,B3OF2.002,33.42
APO 61-008 지하3층 창호 안내도-1.drawio,B3OF2.004,33.42
APO 61-008 지하3층 창호 안내도-1.drawio,B3OF3.004,33.42
APO 61-008 지하3층 창호 안내도-1.drawio,B3OF2.001,33.42
APO 61-008 지하3층 창호 안내도-1.drawio,B3OF2.003,33.42
APO 61-008 지하3층 창호 안내도-1.drawio,B3OF2.005,33.42
APO 61-008 지하3층 창호 안내도-1.drawio,B3OF2.006,33.42
APO 61-008 지하3층 창호 안내도-1.drawio,B3OF2.007,33.42
APO 61-008 지하3층 창호 안내도-1.drawio,B3CM.010,31.84
APO 61-008 지하3층 창호 안내도-1.drawio,B3CM.003,31.84
APO 61-008 지하3층 창호 안내도-1.drawio,B3OF3.002,33.41
APO 61-008 지하3층 창호 안내도-1.drawio,B3OF3.003,33.42
APO 61-008 지하3층 창호 안내도-1.drawio,B3OF2.016,33.42
APO 61-008 지하3층 창호 안내도-1.drawio,B3OF3.001,33.41
APO 61-008 지하3층 창호 안내도-1.drawio,B3OF3.005,33.77
APO 61-008 지하3층 창호 안내도-1.drawio,B3OF2.015,33.42
APO 61-008 지하3층 창호 안내도-1.drawio,B3OF3.008,33.42
APO 61-008 지하3층 창호 안내도-1.drawio,B3OF3.007,33.42
APO 61-008 지하3층 창호 안내도-1.drawio,B3OF2.010,33.41
APO 61-008 지하3층 창호 안내도-1.drawio,B3CM.005,31.84
APO 61-008 지하3층 창호 안내도-1.drawio,B3OF2.014,33.42
APO 61-008 지하3층 창호 안내도-1.drawio,B3CM.004,31.84
APO 61-008 지하3층 창호 안내도-1.drawio,B3OF2.020,33.42
APO 61-008 지하3층 창호 안내도-1.drawio,B3OF2.018,33.42
APO 61-008 지하3층 창호 안내도-1.drawio,B3OF2.013,33.42
APO 61-008 지하3층 창호 안내도-1.drawio,B3OF2.012,33.42
APO 61-008 지하3층 창호 안내도-1.drawio,B3OF2.011,33.42
APO 61-008 지하3층 창호 안내도-1.drawio,B3OF2.009,33.42
APO 61-008 지하3층 창호 안내도-1.drawio,B3OF2.008,33.42
APO 61-008 지하3층 창호 안내도-1.drawio,B3OF3.011,33.42
APO 61-008 지하3층 창호 안내도-1.drawio,B3OF3.010,33.42
APO 61-008 지하3층 창호 안내도-1.drawio,B3OF3.009,33.42
APO 61-008 지하3층 창호 안내도-1.drawio,B3OF3.006,33.42
APO 61-008 지하3층 창호 안내도-1.drawio,B3CM.002,31.84
APO 61-008 지하3층 창호 안내도-1.drawio,B3CM.001,31.84
APO 61-008 지하3층 창호 안내도-1.drawio,B3OF2.019,33.42
APO 61-008 지하3층 창호 안내도-1.drawio,B3OF2.017,33.42
APO 61-008 지하3층 창호 안내도-1.drawio,B3HO.013,32.23
APO 61-008 지하3층 창호 안내도-1.drawio,B3HO.012,32.23
APO 61-008 지하3층 창호 안내도-1.drawio,B3HO.003,31.84
APO 61-008 지하3층 창호 안내도-1.drawio,B3HO.004,31.84
APO 61-008 지하3층 창호 안내도-1.drawio,B3HO.006,31.84
APO 61-008 지하3층 창호 안내도-1.drawio,B3HO.001,31.84
APO 61-008 지하3층 창호 안내도-1.drawio,B3CM.015,31.84
APO 61-008 지하3층 창호 안내도-1.drawio,B3HO.005,31.84
APO 61-008 지하3층 창호 안내도-1.drawio,B3HO.002,31.84
APO 61-008 지하3층 창호 안내도-1.drawio,B3HO.007,31.84
APO 61-008 지하3층 창호 안내도-1.drawio,B3CM.011,31.84
APO 61-008 지하3층 창호 안내도-1.drawio,B3CM.006,31.84
APO 61-008 지하3층 창호 안내도-1.drawio,B3HO.014,32.23
APO 61-008 지하3층 창호 안내도-1.drawio,B3HO.009,31.84
APO 61-008 지하3층 창호 안내도-1.drawio,B3CM.012,31.84
APO 61-008 지하3층 창호 안내도-1.drawio,B3CM.013,31.84
APO 61-008 지하3층 창호 안내도-1.drawio,B3HO.011,31.84
APO 61-008 지하3층 창호 안내도-1.drawio,B3HO.010,31.84
APO 61-008 지하3층 창호 안내도-1.drawio,B3HO.008,31.84
APO 61-008 지하3층 창호 안내도-1.drawio,B3CM.014,31.84
APO 61-008 지하3층 창호 안내도-1.drawio,B3CM.016,31.84
APO 61-008 지하3층 창호 안내도-1.drawio,B3CM.035,31.84
APO 61-008 지하3층 창호 안내도-1.drawio,B3CM.070,31.84
APO 61-008 지하3층 창호 안내도-1.drawio,B3CM.017,31.84
APO 61-008 지하3층 창호 안내도-1.drawio,B3CM.018,31.84
APO 61-008 지하3층 창호 안내도-1.drawio,B3CM.029,31.84
APO 61-008 지하3층 창호 안내도-1.drawio,B3CM.019,31.84
APO 61-008 지하3층 창호 안내도-1.drawio,B3CM.034,31.84
APO 61-008 지하3층 창호 안내도-1.drawio,B3CM.028,31.84
APO 61-008 지하3층 창호 안내도-1.drawio,B3CM.030,31.84
APO 61-008 지하3층 창호 안내도-1.drawio,B3CM.020,31.84
APO 61-008 지하3층 창호 안내도-1.drawio,B3CM.036,31.84
APO 61-008 지하3층 창호 안내도-1.drawio,B3CM.021,31.84
APO 61-008 지하3층 창호 안내도-1.drawio,B3CM.031,30.72
APO 61-008 지하3층 창호 안내도-1.drawio,B3CM.037,31.84
APO 61-008 지하3층 창호 안내도-1.drawio,B3CM.022,31.84
APO 61-008 지하3층 창호 안내도-1.drawio,B3CM.023,31.84
APO 61-008 지하3층 창호 안내도-1.drawio,B3CM.024,31.84
APO 61-008 지하3층 창호 안내도-1.drawio,B3CM.025,31.84
APO 61-008 지하3층 창호 안내도-1.drawio,B3CM.027,31.84
APO 61-008 지하3층 창호 안내도-1.drawio,B3CM.026,31.84
APO 61-008 지하3층 창호 안내도-1.drawio,B3CM.038,31.84
APO 61-008 지하3층 창호 안내도-1.drawio,B3CM.039,31.84
APO 61-008 지하3층 창호 안내도-1.drawio,B3CM.044,31.84
APO 61-008 지하3층 창호 안내도-1.drawio,B3CM.043,31.84
APO 61-008 지하3층 창호 안내도-1.drawio,B3CM.040,31.84
APO 61-008 지하3층 창호 안내도-1.drawio,B3CM.032,31.84
APO 61-008 지하3층 창호 안내도-1.drawio,B3CM.033,31.84
APO 61-008 지하3층 창호 안내도-1.drawio,B3CM.041,31.54
APO 61-008 지하3층 창호 안내도-1.drawio,B3CM.042,31.84
APO 61-008 지하3층 창호 안내도-1.drawio,B3CM.046,31.84
APO 61-008 지하3층 창호 안내도-1.drawio,B3CM.050,31.84
APO 61-008 지하3층 창호 안내도-1.drawio,B3CM.045,31.84
APO 61-008 지하3층 창호 안내도-1.drawio,B3CM.071,31.84
APO 61-009 지하3층 창호 안내도-2.drawio,B3CM.068,31.84
APO 61-009 지하3층 창호 안내도-2.drawio,B3CM.069,31.84
APO 61-009 지하3층 창호 안내도-2.drawio,B3CM.066,31.84
APO 61-009 지하3층 창호 안내도-2.drawio,B3CM.067,31.84
APO 61-009 지하3층 창호 안내도-2.drawio,B3CM.065,31.84
APO 61-009 지하3층 창호 안내도-2.drawio,B3CM.064,31.84
APO 61-009 지하3층 창호 안내도-2.drawio,B3CM.063,31.84
APO 61-009 지하3층 창호 안내도-2.drawio,B3CM.072,31.84
APO 61-009 지하3층 창호 안내도-2.drawio,B3CM.062,31.84
APO 61-009 지하3층 창호 안내도-2.drawio,B3CM.056,31.84
APO 61-009 지하3층 창호 안내도-2.drawio,B3CM.057,31.84
APO 61-009 지하3층 창호 안내도-2.drawio,B3OT.020,30.27
APO 61-009 지하3층 창호 안내도-2.drawio,B3CM.054,31.84
APO 61-009 지하3층 창호 안내도-2.drawio,B3CM.061,31.84
APO 61-009 지하3층 창호 안내도-2.drawio,B3CM.055,31.84
APO 61-009 지하3층 창호 안내도-2.drawio,B3CM.058,31.84
APO 61-009 지하3층 창호 안내도-2.drawio,B3OT.021,30.27
APO 61-009 지하3층 창호 안내도-2.drawio,B3OT.005,30.27
APO 61-009 지하3층 창호 안내도-2.drawio,B3OT.019,30.27
APO 61-009 지하3층 창호 안내도-2.drawio,B3OT.001,30.27
APO 61-009 지하3층 창호 안내도-2.drawio,B3OT.008,30.27
APO 61-009 지하3층 창호 안내도-2.drawio,B3OT.003,30.27
APO 61-009 지하3층 창호 안내도-2.drawio,B3OT.006,30.27
APO 61-009 지하3층 창호 안내도-2.drawio,B3OT.007,30.27
APO 61-009 지하3층 창호 안내도-2.drawio,B3CM.060,31.84
APO 61-009 지하3층 창호 안내도-2.drawio,B3OF1.028,34.20
APO 61-009 지하3층 창호 안내도-2.drawio,B3OT.002,30.27
APO 61-009 지하3층 창호 안내도-2.drawio,B3CM.047,31.84
APO 61-009 지하3층 창호 안내도-2.drawio,B3CM.059,31.84
APO 61-009 지하3층 창호 안내도-2.drawio,B3OT.004,30.27
APO 61-009 지하3층 창호 안내도-2.drawio,B3OF1.003,34.20
APO 61-009 지하3층 창호 안내도-2.drawio,B3OF1.009,34.20
APO 61-009 지하3층 창호 안내도-2.drawio,B3OF1.001,34.20
APO 61-009 지하3층 창호 안내도-2.drawio,B3OF1.002,34.20
APO 61-009 지하3층 창호 안내도-2.drawio,B3OF1.004,34.20
APO 61-009 지하3층 창호 안내도-2.drawio,B3OF1.005,34.20
APO 61-009 지하3층 창호 안내도-2.drawio,B3OF1.006,34.20
APO 61-009 지하3층 창호 안내도-2.drawio,B3OF1.008,34.20
APO 61-009 지하3층 창호 안내도-2.drawio,B3OF1.010,34.20
APO 61-009 지하3층 창호 안내도-2.drawio,B3OT.009,30.27
APO 61-009 지하3층 창호 안내도-2.drawio,B3OT.018,30.27
APO 61-009 지하3층 창호 안내도-2.drawio,B3OT.012,30.27
APO 61-009 지하3층 창호 안내도-2.drawio,B3OF1.007,34.20
APO 61-009 지하3층 창호 안내도-2.drawio,B3OT.014,30.27
APO 61-009 지하3층 창호 안내도-2.drawio,B3OT.017,30.27
APO 61-009 지하3층 창호 안내도-2.drawio,B3OF1.018,34.20
APO 61-009 지하3층 창호 안내도-2.drawio,B3OT.013,30.27
APO 61-009 지하3층 창호 안내도-2.drawio,B3OT.011,30.27
APO 61-009 지하3층 창호 안내도-2.drawio,B3OT.010,30.27
APO 61-009 지하3층 창호 안내도-2.drawio,B3CM.053,31.84
APO 61-009 지하3층 창호 안내도-2.drawio,B3OF1.011,34.20
APO 61-009 지하3층 창호 안내도-2.drawio,B3OF1.027,34.20
APO 61-009 지하3층 창호 안내도-2.drawio,B3OF1.020,34.20
APO 61-009 지하3층 창호 안내도-2.drawio,B3OT.015,30.27
APO 61-009 지하3층 창호 안내도-2.drawio,B3OT.016,30.27
APO 61-009 지하3층 창호 안내도-2.drawio,B3OF1.019,34.20
APO 61-009 지하3층 창호 안내도-2.drawio,B3OF1.022,34.20
APO 61-009 지하3층 창호 안내도-2.drawio,B3OF1.015,34.20
APO 61-009 지하3층 창호 안내도-2.drawio,B3CM.048,31.84
APO 61-009 지하3층 창호 안내도-2.drawio,B3OF1.026,34.20
APO 61-009 지하3층 창호 안내도-2.drawio,B3OF1.025,33.81
APO 61-009 지하3층 창호 안내도-2.drawio,B3OF1.023,33.81
APO 61-009 지하3층 창호 안내도-2.drawio,B3OF1.021,34.20
APO 61-009 지하3층 창호 안내도-2.drawio,B3OF1.017,34.20
APO 61-009 지하3층 창호 안내도-2.drawio,B3OF1.016,34.20
APO 61-009 지하3층 창호 안내도-2.drawio,B3OF1.014,34.20
APO 61-009 지하3층 창호 안내도-2.drawio,B3OF1.012,34.20
APO 61-009 지하3층 창호 안내도-2.drawio,B3OF1.013,34.20
APO 61-009 지하3층 창호 안내도-2.drawio,B3CM.049,31.84
APO 61-009 지하3층 창호 안내도-2.drawio,B3OF1.024,33.81
APO 61-009 지하3층 창호 안내도-2.drawio,B3CM.052,31.84
APO 61-009 지하3층 창호 안내도-2.drawio,B3CM.051,31.84
APO 61-009 지하3층 창호 안내도-2.drawio,B3CM.073,31.84
