파일명,층,도어번호
APO 62-001 문 일람표-1.pdf,B6,CM.001
APO 62-001 문 일람표-1.pdf,B6,CM.002
APO 62-001 문 일람표-1.pdf,B6,CM.003
APO 62-001 문 일람표-1.pdf,B6,CM.004
APO 62-001 문 일람표-1.pdf,B6,CM.005
APO 62-001 문 일람표-1.pdf,B6,CM.006
APO 62-001 문 일람표-1.pdf,B6,CM.007
APO 62-001 문 일람표-1.pdf,B6,CM.008
APO 62-001 문 일람표-1.pdf,B6,CM.009
APO 62-001 문 일람표-1.pdf,B6,CM.010
APO 62-001 문 일람표-1.pdf,B6,CM.011
APO 62-001 문 일람표-1.pdf,B6,CM.012
APO 62-001 문 일람표-1.pdf,B6,CM.013
APO 62-001 문 일람표-1.pdf,B6,CM.014
APO 62-001 문 일람표-1.pdf,B6,CM.015
APO 62-001 문 일람표-1.pdf,B6,CM.016
APO 62-001 문 일람표-1.pdf,B6,CM.017
APO 62-001 문 일람표-1.pdf,B6,CM.018
APO 62-001 문 일람표-1.pdf,B6,CM.019
APO 62-001 문 일람표-1.pdf,B6,CM.020
APO 62-001 문 일람표-1.pdf,B6,CM.021
APO 62-001 문 일람표-1.pdf,B6,CM.022
APO 62-001 문 일람표-1.pdf,B6,CM.023
APO 62-001 문 일람표-1.pdf,B6,CM.024
APO 62-001 문 일람표-1.pdf,B6,CM.025
APO 62-001 문 일람표-1.pdf,B6,CM.026
APO 62-001 문 일람표-1.pdf,B6,CM.027
APO 62-001 문 일람표-1.pdf,B6,CM.028
APO 62-001 문 일람표-1.pdf,B6,CM.029
APO 62-001 문 일람표-1.pdf,B6,CM.030
APO 62-001 문 일람표-1.pdf,B6,CM.031
APO 62-001 문 일람표-1.pdf,B6,CM.032
APO 62-001 문 일람표-1.pdf,B6,CM.033
APO 62-001 문 일람표-1.pdf,B6,CM.034
APO 62-001 문 일람표-1.pdf,B6,CM.035
APO 62-001 문 일람표-1.pdf,B6,CM.036
APO 62-001 문 일람표-1.pdf,B6,CM.037
APO 62-001 문 일람표-1.pdf,B6,CM.038
APO 62-001 문 일람표-1.pdf,B6,CM.039
APO 62-001 문 일람표-1.pdf,B6,CM.040
APO 62-001 문 일람표-1.pdf,B6,CM.041
APO 62-001 문 일람표-1.pdf,B6,CM.042
APO 62-001 문 일람표-1.pdf,B6,OF1.001
APO 62-001 문 일람표-1.pdf,B6,OF1.002
APO 62-001 문 일람표-1.pdf,B6,OF1.003
APO 62-001 문 일람표-1.pdf,B6,OF1.004
APO 62-001 문 일람표-1.pdf,B6,OF1.005
APO 62-001 문 일람표-1.pdf,B6,OF1.006
APO 62-001 문 일람표-1.pdf,B6,OF1.007
APO 62-001 문 일람표-1.pdf,B6,OF1.008
APO 62-001 문 일람표-1.pdf,B6,OF1.009
APO 62-001 문 일람표-1.pdf,B6,OF1.010
APO 62-001 문 일람표-1.pdf,B6,OF1.011
APO 62-001 문 일람표-1.pdf,B6,OF1.012
APO 62-001 문 일람표-1.pdf,B6,OF1.013
APO 62-001 문 일람표-1.pdf,B6,OF1.014
APO 62-001 문 일람표-1.pdf,B6,OF1.015
APO 62-001 문 일람표-1.pdf,B6,OF1.016
APO 62-001 문 일람표-1.pdf,B6,OF1.017
APO 62-001 문 일람표-1.pdf,B6,OF1.018
APO 62-001 문 일람표-1.pdf,B6,OF1.019
APO 62-001 문 일람표-1.pdf,B6,OF1.020
APO 62-001 문 일람표-1.pdf,B6,OF1.021
APO 62-001 문 일람표-1.pdf,B6,OF1.022
APO 62-001 문 일람표-1.pdf,B6,OF1.023
APO 62-001 문 일람표-1.pdf,B6,OF1.024
APO 62-001 문 일람표-1.pdf,B6,OF1.025
APO 62-001 문 일람표-1.pdf,B6,OT.001
APO 62-001 문 일람표-1.pdf,B6,OT.002
APO 62-001 문 일람표-1.pdf,B6,OT.003
APO 62-001 문 일람표-1.pdf,B6,OT.004
APO 62-001 문 일람표-1.pdf,B6,OT.005
APO 62-001 문 일람표-1.pdf,B6,OT.006
APO 62-001 문 일람표-1.pdf,B6,OT.007
APO 62-001 문 일람표-1.pdf,B6,OT.008
APO 62-001 문 일람표-1.pdf,B6,OT.009
APO 62-001 문 일람표-1.pdf,B6,OT.010
APO 62-001 문 일람표-1.pdf,B6,OT.011
APO 62-001 문 일람표-1.pdf,B6,OT.012
APO 62-001 문 일람표-1.pdf,B6,OT.013
APO 62-001 문 일람표-1.pdf,B6,OT.014
APO 62-001 문 일람표-1.pdf,B6,OT.015
APO 62-001 문 일람표-1.pdf,B6,OT.016
APO 62-001 문 일람표-1.pdf,B6,OT.017
APO 62-002 문 일람표-2.pdf,B5,CM.001
APO 62-002 문 일람표-2.pdf,B5,CM.002
APO 62-002 문 일람표-2.pdf,B5,CM.003
APO 62-002 문 일람표-2.pdf,B5,CM.004
APO 62-002 문 일람표-2.pdf,B5,CM.005
APO 62-002 문 일람표-2.pdf,B5,CM.006
APO 62-002 문 일람표-2.pdf,B5,CM.007
APO 62-002 문 일람표-2.pdf,B5,CM.008
APO 62-002 문 일람표-2.pdf,B5,CM.009
APO 62-002 문 일람표-2.pdf,B5,CM.010
APO 62-002 문 일람표-2.pdf,B5,CM.011
APO 62-002 문 일람표-2.pdf,B5,CM.012
APO 62-002 문 일람표-2.pdf,B5,CM.013
APO 62-002 문 일람표-2.pdf,B5,CM.014
APO 62-002 문 일람표-2.pdf,B5,CM.015
APO 62-002 문 일람표-2.pdf,B5,CM.016
APO 62-002 문 일람표-2.pdf,B5,CM.017
APO 62-002 문 일람표-2.pdf,B5,CM.018
APO 62-002 문 일람표-2.pdf,B5,CM.019
APO 62-002 문 일람표-2.pdf,B5,CM.020
APO 62-002 문 일람표-2.pdf,B5,CM.021
APO 62-002 문 일람표-2.pdf,B5,CM.022
APO 62-002 문 일람표-2.pdf,B5,CM.023
APO 62-002 문 일람표-2.pdf,B5,CM.024
APO 62-002 문 일람표-2.pdf,B5,CM.025
APO 62-002 문 일람표-2.pdf,B5,CM.026
APO 62-002 문 일람표-2.pdf,B5,CM.027
APO 62-002 문 일람표-2.pdf,B5,CM.028
APO 62-002 문 일람표-2.pdf,B5,CM.029
APO 62-002 문 일람표-2.pdf,B5,CM.030
APO 62-002 문 일람표-2.pdf,B5,CM.031
APO 62-002 문 일람표-2.pdf,B5,CM.032
APO 62-002 문 일람표-2.pdf,B5,CM.033
APO 62-002 문 일람표-2.pdf,B5,CM.034
APO 62-002 문 일람표-2.pdf,B5,CM.035
APO 62-002 문 일람표-2.pdf,B5,CM.036
APO 62-002 문 일람표-2.pdf,B5,CM.037
APO 62-002 문 일람표-2.pdf,B5,CM.038
APO 62-002 문 일람표-2.pdf,B5,CM.039
APO 62-002 문 일람표-2.pdf,B5,CM.040
APO 62-002 문 일람표-2.pdf,B5,CM.041
APO 62-002 문 일람표-2.pdf,B5,CM.042
APO 62-002 문 일람표-2.pdf,B5,CM.043
APO 62-002 문 일람표-2.pdf,B5,CM.044
APO 62-002 문 일람표-2.pdf,B5,CM.045
APO 62-002 문 일람표-2.pdf,B5,CM.046
APO 62-002 문 일람표-2.pdf,B5,CM.047
APO 62-002 문 일람표-2.pdf,B5,CM.048
APO 62-002 문 일람표-2.pdf,B5,CM.049
APO 62-002 문 일람표-2.pdf,B5,CM.050
APO 62-002 문 일람표-2.pdf,B5,CM.051
APO 62-002 문 일람표-2.pdf,B5,CM.052
APO 62-002 문 일람표-2.pdf,B5,CM.053
APO 62-002 문 일람표-2.pdf,B5,CM.054
APO 62-002 문 일람표-2.pdf,B5,CM.055
APO 62-002 문 일람표-2.pdf,B5,CM.056
APO 62-002 문 일람표-2.pdf,B5,CM.057
APO 62-002 문 일람표-2.pdf,B5,CM.058
APO 62-002 문 일람표-2.pdf,B5,CM.059
APO 62-002 문 일람표-2.pdf,B5,CM.060
APO 62-002 문 일람표-2.pdf,B5,CM.061
APO 62-002 문 일람표-2.pdf,B5,OF1.001
APO 62-002 문 일람표-2.pdf,B5,OF1.002
APO 62-002 문 일람표-2.pdf,B5,OF1.003
APO 62-002 문 일람표-2.pdf,B5,OF1.004
APO 62-002 문 일람표-2.pdf,B5,OF1.005
APO 62-002 문 일람표-2.pdf,B5,OF1.006
APO 62-002 문 일람표-2.pdf,B5,OF1.007
APO 62-002 문 일람표-2.pdf,B5,OF1.008
APO 62-002 문 일람표-2.pdf,B5,OF1.009
APO 62-002 문 일람표-2.pdf,B5,OF1.010
APO 62-002 문 일람표-2.pdf,B5,OF1.011
APO 62-002 문 일람표-2.pdf,B5,OF1.012
APO 62-002 문 일람표-2.pdf,B5,OF1.013
APO 62-002 문 일람표-2.pdf,B5,OF1.014
APO 62-002 문 일람표-2.pdf,B5,OF1.015
APO 62-002 문 일람표-2.pdf,B5,OF1.016
APO 62-002 문 일람표-2.pdf,B5,OF1.017
APO 62-002 문 일람표-2.pdf,B5,OF1.018
APO 62-002 문 일람표-2.pdf,B5,OF1.019
APO 62-002 문 일람표-2.pdf,B5,OF1.020
APO 62-002 문 일람표-2.pdf,B5,OF1.021
APO 62-002 문 일람표-2.pdf,B5,OF1.022
APO 62-002 문 일람표-2.pdf,B5,OF1.023
APO 62-002 문 일람표-2.pdf,B5,OF1.024
APO 62-002 문 일람표-2.pdf,B5,OF1.025
APO 62-002 문 일람표-2.pdf,B5,OF1.026
APO 62-002 문 일람표-2.pdf,B5,OF1.027
APO 62-002 문 일람표-2.pdf,B5,OF1.028
APO 62-002 문 일람표-2.pdf,B5,OF1.029
APO 62-002 문 일람표-2.pdf,B5,OF2.001
APO 62-002 문 일람표-2.pdf,B5,OF2.002
APO 62-002 문 일람표-2.pdf,B5,OF2.003
APO 62-002 문 일람표-2.pdf,B5,OF2.004
APO 62-002 문 일람표-2.pdf,B5,OF2.005
APO 62-002 문 일람표-2.pdf,B5,OF2.006
APO 62-002 문 일람표-2.pdf,B5,OT.001
APO 62-002 문 일람표-2.pdf,B5,OT.002
APO 62-002 문 일람표-2.pdf,B5,OT.003
APO 62-002 문 일람표-2.pdf,B5,OT.004
APO 62-002 문 일람표-2.pdf,B5,OT.005
APO 62-002 문 일람표-2.pdf,B5,OT.006
APO 62-002 문 일람표-2.pdf,B5,OT.007
APO 62-002 문 일람표-2.pdf,B5,OT.008
APO 62-002 문 일람표-2.pdf,B5,OT.009
APO 62-002 문 일람표-2.pdf,B5,OT.010
APO 62-002 문 일람표-2.pdf,B5,OT.011
APO 62-002 문 일람표-2.pdf,B5,OT.012
APO 62-002 문 일람표-2.pdf,B5,OT.013
APO 62-002 문 일람표-2.pdf,B5,OT.014
APO 62-002 문 일람표-2.pdf,B5,OT.015
APO 62-002 문 일람표-2.pdf,B5,OT.016
APO 62-002 문 일람표-2.pdf,B5,OT.017
APO 62-002 문 일람표-2.pdf,B5,OT.018
APO 62-002 문 일람표-2.pdf,B5,OT.019
APO 62-002 문 일람표-2.pdf,B5,OT.020
APO 62-002 문 일람표-2.pdf,B5,OT.021
APO 62-003 문 일람표-3.pdf,B4,CM.001
APO 62-003 문 일람표-3.pdf,B4,CM.002
APO 62-003 문 일람표-3.pdf,B4,CM.003
APO 62-003 문 일람표-3.pdf,B4,CM.004
APO 62-003 문 일람표-3.pdf,B4,CM.005
APO 62-003 문 일람표-3.pdf,B4,CM.006
APO 62-003 문 일람표-3.pdf,B4,CM.007
APO 62-003 문 일람표-3.pdf,B4,CM.008
APO 62-003 문 일람표-3.pdf,B4,CM.009
APO 62-003 문 일람표-3.pdf,B4,CM.010
APO 62-003 문 일람표-3.pdf,B4,CM.011
APO 62-003 문 일람표-3.pdf,B4,CM.012
APO 62-003 문 일람표-3.pdf,B4,CM.013
APO 62-003 문 일람표-3.pdf,B4,CM.014
APO 62-003 문 일람표-3.pdf,B4,CM.015
APO 62-003 문 일람표-3.pdf,B4,CM.016
APO 62-003 문 일람표-3.pdf,B4,CM.017
APO 62-003 문 일람표-3.pdf,B4,CM.018
APO 62-003 문 일람표-3.pdf,B4,CM.019
APO 62-003 문 일람표-3.pdf,B4,CM.020
APO 62-003 문 일람표-3.pdf,B4,CM.021
APO 62-003 문 일람표-3.pdf,B4,CM.022
APO 62-003 문 일람표-3.pdf,B4,CM.023
APO 62-003 문 일람표-3.pdf,B4,CM.024
APO 62-003 문 일람표-3.pdf,B4,CM.025
APO 62-003 문 일람표-3.pdf,B4,CM.026
APO 62-003 문 일람표-3.pdf,B4,CM.027
APO 62-003 문 일람표-3.pdf,B4,CM.028
APO 62-003 문 일람표-3.pdf,B4,CM.029
APO 62-003 문 일람표-3.pdf,B4,CM.030
APO 62-003 문 일람표-3.pdf,B4,CM.031
APO 62-003 문 일람표-3.pdf,B4,CM.032
APO 62-003 문 일람표-3.pdf,B4,CM.033
APO 62-003 문 일람표-3.pdf,B4,CM.034
APO 62-003 문 일람표-3.pdf,B4,CM.035
APO 62-003 문 일람표-3.pdf,B4,CM.036
APO 62-003 문 일람표-3.pdf,B4,CM.037
APO 62-003 문 일람표-3.pdf,B4,CM.038
APO 62-003 문 일람표-3.pdf,B4,CM.039
APO 62-003 문 일람표-3.pdf,B4,CM.040
APO 62-003 문 일람표-3.pdf,B4,CM.041
APO 62-003 문 일람표-3.pdf,B4,CM.042
APO 62-003 문 일람표-3.pdf,B4,CM.043
APO 62-003 문 일람표-3.pdf,B4,CM.044
APO 62-003 문 일람표-3.pdf,B4,CM.045
APO 62-003 문 일람표-3.pdf,B4,CM.046
APO 62-003 문 일람표-3.pdf,B4,CM.047
APO 62-003 문 일람표-3.pdf,B4,CM.048
APO 62-003 문 일람표-3.pdf,B4,CM.049
APO 62-003 문 일람표-3.pdf,B4,CM.050
APO 62-003 문 일람표-3.pdf,B4,CM.051
APO 62-003 문 일람표-3.pdf,B4,CM.052
APO 62-003 문 일람표-3.pdf,B4,CM.053
APO 62-003 문 일람표-3.pdf,B4,CM.054
APO 62-003 문 일람표-3.pdf,B4,CM.055
APO 62-003 문 일람표-3.pdf,B4,CM.056
APO 62-003 문 일람표-3.pdf,B4,CM.057
APO 62-003 문 일람표-3.pdf,B4,CM.058
APO 62-003 문 일람표-3.pdf,B4,CM.059
APO 62-003 문 일람표-3.pdf,B4,CM.060
APO 62-003 문 일람표-3.pdf,B4,CM.061
APO 62-003 문 일람표-3.pdf,B4,CM.062
APO 62-003 문 일람표-3.pdf,B4,CM.063
APO 62-003 문 일람표-3.pdf,B4,CM.064
APO 62-003 문 일람표-3.pdf,B4,CM.065
APO 62-003 문 일람표-3.pdf,B4,CM.066
APO 62-003 문 일람표-3.pdf,B4,OF1.001
APO 62-003 문 일람표-3.pdf,B4,OF1.002
APO 62-003 문 일람표-3.pdf,B4,OF1.003
APO 62-003 문 일람표-3.pdf,B4,OF1.004
APO 62-003 문 일람표-3.pdf,B4,OF1.005
APO 62-003 문 일람표-3.pdf,B4,OF1.006
APO 62-003 문 일람표-3.pdf,B4,OF1.007
APO 62-003 문 일람표-3.pdf,B4,OF1.008
APO 62-003 문 일람표-3.pdf,B4,OF1.009
APO 62-003 문 일람표-3.pdf,B4,OF1.010
APO 62-003 문 일람표-3.pdf,B4,OF1.011
APO 62-003 문 일람표-3.pdf,B4,OF1.012
APO 62-003 문 일람표-3.pdf,B4,OF1.013
APO 62-003 문 일람표-3.pdf,B4,OF1.014
APO 62-003 문 일람표-3.pdf,B4,OF1.015
APO 62-003 문 일람표-3.pdf,B4,OF1.016
APO 62-003 문 일람표-3.pdf,B4,OF1.017
APO 62-003 문 일람표-3.pdf,B4,OF1.018
APO 62-003 문 일람표-3.pdf,B4,OF1.019
APO 62-003 문 일람표-3.pdf,B4,OF1.020
APO 62-003 문 일람표-3.pdf,B4,OF1.021
APO 62-003 문 일람표-3.pdf,B4,OF1.022
APO 62-003 문 일람표-3.pdf,B4,OF1.023
APO 62-003 문 일람표-3.pdf,B4,OF1.024
APO 62-003 문 일람표-3.pdf,B4,OF1.025
APO 62-003 문 일람표-3.pdf,B4,OF1.026
APO 62-003 문 일람표-3.pdf,B4,OF1.027
APO 62-003 문 일람표-3.pdf,B4,OF1.028
APO 62-003 문 일람표-3.pdf,B4,OF1.029
APO 62-003 문 일람표-3.pdf,B4,OF2.001
APO 62-003 문 일람표-3.pdf,B4,OF2.002
APO 62-003 문 일람표-3.pdf,B4,OF2.003
APO 62-003 문 일람표-3.pdf,B4,OF2.004
APO 62-003 문 일람표-3.pdf,B4,OF2.005
APO 62-003 문 일람표-3.pdf,B4,OF2.006
APO 62-003 문 일람표-3.pdf,B4,OF2.007
APO 62-003 문 일람표-3.pdf,B4,OF2.008
APO 62-003 문 일람표-3.pdf,B4,OF2.009
APO 62-003 문 일람표-3.pdf,B4,OF2.010
APO 62-003 문 일람표-3.pdf,B4,OF2.011
APO 62-003 문 일람표-3.pdf,B4,OF2.012
APO 62-003 문 일람표-3.pdf,B4,OF2.013
APO 62-003 문 일람표-3.pdf,B4,OF2.014
APO 62-003 문 일람표-3.pdf,B4,OF2.015
APO 62-003 문 일람표-3.pdf,B4,OF2.016
APO 62-003 문 일람표-3.pdf,B4,OF2.017
APO 62-003 문 일람표-3.pdf,B4,OF2.018
APO 62-003 문 일람표-3.pdf,B4,OF2.019
APO 62-003 문 일람표-3.pdf,B4,OF2.020
APO 62-003 문 일람표-3.pdf,B4,OF3.001
APO 62-003 문 일람표-3.pdf,B4,OF3.002
APO 62-003 문 일람표-3.pdf,B4,OF3.003
APO 62-003 문 일람표-3.pdf,B4,OF3.004
APO 62-003 문 일람표-3.pdf,B4,OF3.005
APO 62-003 문 일람표-3.pdf,B4,OF3.006
APO 62-003 문 일람표-3.pdf,B4,OF3.007
APO 62-003 문 일람표-3.pdf,B4,OF3.008
APO 62-003 문 일람표-3.pdf,B4,OF3.009
APO 62-003 문 일람표-3.pdf,B4,OF3.010
APO 62-003 문 일람표-3.pdf,B4,OF3.011
APO 62-004 문 일람표-4.pdf,B4,HO.001
APO 62-004 문 일람표-4.pdf,B4,HO.002
APO 62-004 문 일람표-4.pdf,B4,HO.003
APO 62-004 문 일람표-4.pdf,B4,HO.004
APO 62-004 문 일람표-4.pdf,B4,HO.005
APO 62-004 문 일람표-4.pdf,B4,HO.006
APO 62-004 문 일람표-4.pdf,B4,HO.007
APO 62-004 문 일람표-4.pdf,B4,HO.008
APO 62-004 문 일람표-4.pdf,B4,HO.009
APO 62-004 문 일람표-4.pdf,B4,HO.010
APO 62-004 문 일람표-4.pdf,B4,HO.011
APO 62-004 문 일람표-4.pdf,B4,HO.012
APO 62-004 문 일람표-4.pdf,B4,HO.013
APO 62-004 문 일람표-4.pdf,B4,OT.001
APO 62-004 문 일람표-4.pdf,B4,OT.002
APO 62-004 문 일람표-4.pdf,B4,OT.003
APO 62-004 문 일람표-4.pdf,B4,OT.004
APO 62-004 문 일람표-4.pdf,B4,OT.005
APO 62-004 문 일람표-4.pdf,B4,OT.006
APO 62-004 문 일람표-4.pdf,B4,OT.007
APO 62-004 문 일람표-4.pdf,B4,OT.008
APO 62-004 문 일람표-4.pdf,B4,OT.009
APO 62-004 문 일람표-4.pdf,B4,OT.010
APO 62-004 문 일람표-4.pdf,B4,OT.011
APO 62-004 문 일람표-4.pdf,B4,OT.012
APO 62-004 문 일람표-4.pdf,B4,OT.013
APO 62-004 문 일람표-4.pdf,B4,OT.014
APO 62-004 문 일람표-4.pdf,B4,OT.015
APO 62-004 문 일람표-4.pdf,B4,OT.016
APO 62-004 문 일람표-4.pdf,B4,OT.017
APO 62-004 문 일람표-4.pdf,B4,OT.018
APO 62-004 문 일람표-4.pdf,B4,OT.019
APO 62-004 문 일람표-4.pdf,B4,OT.020
APO 62-004 문 일람표-4.pdf,B3,CM.001
APO 62-004 문 일람표-4.pdf,B3,CM.002
APO 62-004 문 일람표-4.pdf,B3,CM.003
APO 62-004 문 일람표-4.pdf,B3,CM.004
APO 62-004 문 일람표-4.pdf,B3,CM.005
APO 62-004 문 일람표-4.pdf,B3,CM.006
APO 62-004 문 일람표-4.pdf,B3,CM.007
APO 62-004 문 일람표-4.pdf,B3,CM.008
APO 62-004 문 일람표-4.pdf,B3,CM.009
APO 62-004 문 일람표-4.pdf,B3,CM.010
APO 62-004 문 일람표-4.pdf,B3,CM.011
APO 62-004 문 일람표-4.pdf,B3,CM.012
APO 62-004 문 일람표-4.pdf,B3,CM.013
APO 62-004 문 일람표-4.pdf,B3,CM.014
APO 62-004 문 일람표-4.pdf,B3,CM.015
APO 62-004 문 일람표-4.pdf,B3,CM.016
APO 62-004 문 일람표-4.pdf,B3,CM.017
APO 62-004 문 일람표-4.pdf,B3,CM.018
APO 62-004 문 일람표-4.pdf,B3,CM.019
APO 62-004 문 일람표-4.pdf,B3,CM.020
APO 62-004 문 일람표-4.pdf,B3,CM.021
APO 62-004 문 일람표-4.pdf,B3,CM.022
APO 62-004 문 일람표-4.pdf,B3,CM.023
APO 62-004 문 일람표-4.pdf,B3,CM.024
APO 62-004 문 일람표-4.pdf,B3,CM.025
APO 62-004 문 일람표-4.pdf,B3,CM.026
APO 62-004 문 일람표-4.pdf,B3,CM.027
APO 62-004 문 일람표-4.pdf,B3,CM.028
APO 62-004 문 일람표-4.pdf,B3,CM.029
APO 62-004 문 일람표-4.pdf,B3,CM.030
APO 62-004 문 일람표-4.pdf,B3,CM.031
APO 62-004 문 일람표-4.pdf,B3,CM.032
APO 62-004 문 일람표-4.pdf,B3,CM.033
APO 62-004 문 일람표-4.pdf,B3,CM.034
APO 62-004 문 일람표-4.pdf,B3,CM.035
APO 62-004 문 일람표-4.pdf,B3,CM.036
APO 62-004 문 일람표-4.pdf,B3,CM.037
APO 62-004 문 일람표-4.pdf,B3,CM.038
APO 62-004 문 일람표-4.pdf,B3,CM.039
APO 62-004 문 일람표-4.pdf,B3,CM.040
APO 62-004 문 일람표-4.pdf,B3,CM.041
APO 62-004 문 일람표-4.pdf,B3,CM.042
APO 62-004 문 일람표-4.pdf,B3,CM.043
APO 62-004 문 일람표-4.pdf,B3,CM.044
APO 62-004 문 일람표-4.pdf,B3,CM.045
APO 62-004 문 일람표-4.pdf,B3,CM.046
APO 62-004 문 일람표-4.pdf,B3,CM.047
APO 62-004 문 일람표-4.pdf,B3,CM.048
APO 62-004 문 일람표-4.pdf,B3,CM.049
APO 62-004 문 일람표-4.pdf,B3,CM.050
APO 62-004 문 일람표-4.pdf,B3,CM.051
APO 62-004 문 일람표-4.pdf,B3,CM.052
APO 62-004 문 일람표-4.pdf,B3,CM.053
APO 62-004 문 일람표-4.pdf,B3,CM.054
APO 62-004 문 일람표-4.pdf,B3,CM.055
APO 62-004 문 일람표-4.pdf,B3,CM.056
APO 62-004 문 일람표-4.pdf,B3,CM.057
APO 62-004 문 일람표-4.pdf,B3,CM.058
APO 62-004 문 일람표-4.pdf,B3,CM.059
APO 62-004 문 일람표-4.pdf,B3,CM.060
APO 62-004 문 일람표-4.pdf,B3,CM.061
APO 62-004 문 일람표-4.pdf,B3,CM.062
APO 62-004 문 일람표-4.pdf,B3,CM.063
APO 62-004 문 일람표-4.pdf,B3,CM.064
APO 62-004 문 일람표-4.pdf,B3,CM.065
APO 62-004 문 일람표-4.pdf,B3,CM.066
APO 62-004 문 일람표-4.pdf,B3,CM.067
APO 62-004 문 일람표-4.pdf,B3,CM.068
APO 62-004 문 일람표-4.pdf,B3,CM.069
APO 62-004 문 일람표-4.pdf,B3,CM.070
APO 62-004 문 일람표-4.pdf,B3,CM.071
APO 62-004 문 일람표-4.pdf,B3,CM.072
APO 62-004 문 일람표-4.pdf,B3,CM.073
APO 62-005 문 일람표-5.pdf,B3,OF1.001
APO 62-005 문 일람표-5.pdf,B3,OF1.002
APO 62-005 문 일람표-5.pdf,B3,OF1.003
APO 62-005 문 일람표-5.pdf,B3,OF1.004
APO 62-005 문 일람표-5.pdf,B3,OF1.005
APO 62-005 문 일람표-5.pdf,B3,OF1.006
APO 62-005 문 일람표-5.pdf,B3,OF1.007
APO 62-005 문 일람표-5.pdf,B3,OF1.008
APO 62-005 문 일람표-5.pdf,B3,OF1.009
APO 62-005 문 일람표-5.pdf,B3,OF1.010
APO 62-005 문 일람표-5.pdf,B3,OF1.011
APO 62-005 문 일람표-5.pdf,B3,OF1.012
APO 62-005 문 일람표-5.pdf,B3,OF1.013
APO 62-005 문 일람표-5.pdf,B3,OF1.014
APO 62-005 문 일람표-5.pdf,B3,OF1.015
APO 62-005 문 일람표-5.pdf,B3,OF1.016
APO 62-005 문 일람표-5.pdf,B3,OF1.017
APO 62-005 문 일람표-5.pdf,B3,OF1.018
APO 62-005 문 일람표-5.pdf,B3,OF1.019
APO 62-005 문 일람표-5.pdf,B3,OF1.020
APO 62-005 문 일람표-5.pdf,B3,OF1.021
APO 62-005 문 일람표-5.pdf,B3,OF1.022
APO 62-005 문 일람표-5.pdf,B3,OF1.023
APO 62-005 문 일람표-5.pdf,B3,OF1.024
APO 62-005 문 일람표-5.pdf,B3,OF1.025
APO 62-005 문 일람표-5.pdf,B3,OF1.026
APO 62-005 문 일람표-5.pdf,B3,OF1.027
APO 62-005 문 일람표-5.pdf,B3,OF1.028
APO 62-005 문 일람표-5.pdf,B3,OF2.001
APO 62-005 문 일람표-5.pdf,B3,OF2.002
APO 62-005 문 일람표-5.pdf,B3,OF2.003
APO 62-005 문 일람표-5.pdf,B3,OF2.004
APO 62-005 문 일람표-5.pdf,B3,OF2.005
APO 62-005 문 일람표-5.pdf,B3,OF2.006
APO 62-005 문 일람표-5.pdf,B3,OF2.007
APO 62-005 문 일람표-5.pdf,B3,OF2.008
APO 62-005 문 일람표-5.pdf,B3,OF2.009
APO 62-005 문 일람표-5.pdf,B3,OF2.010
APO 62-005 문 일람표-5.pdf,B3,OF2.011
APO 62-005 문 일람표-5.pdf,B3,OF2.012
APO 62-005 문 일람표-5.pdf,B3,OF2.013
APO 62-005 문 일람표-5.pdf,B3,OF2.014
APO 62-005 문 일람표-5.pdf,B3,OF2.015
APO 62-005 문 일람표-5.pdf,B3,OF2.016
APO 62-005 문 일람표-5.pdf,B3,OF2.017
APO 62-005 문 일람표-5.pdf,B3,OF2.018
APO 62-005 문 일람표-5.pdf,B3,OF2.019
APO 62-005 문 일람표-5.pdf,B3,OF2.020
APO 62-005 문 일람표-5.pdf,B3,OF3.001
APO 62-005 문 일람표-5.pdf,B3,OF3.002
APO 62-005 문 일람표-5.pdf,B3,OF3.003
APO 62-005 문 일람표-5.pdf,B3,OF3.004
APO 62-005 문 일람표-5.pdf,B3,OF3.005
APO 62-005 문 일람표-5.pdf,B3,OF3.006
APO 62-005 문 일람표-5.pdf,B3,OF3.007
APO 62-005 문 일람표-5.pdf,B3,OF3.008
APO 62-005 문 일람표-5.pdf,B3,OF3.009
APO 62-005 문 일람표-5.pdf,B3,OF3.010
APO 62-005 문 일람표-5.pdf,B3,OF3.011
APO 62-005 문 일람표-5.pdf,B3,HO.001
APO 62-005 문 일람표-5.pdf,B3,HO.002
APO 62-005 문 일람표-5.pdf,B3,HO.003
APO 62-005 문 일람표-5.pdf,B3,HO.004
APO 62-005 문 일람표-5.pdf,B3,HO.005
APO 62-005 문 일람표-5.pdf,B3,HO.006
APO 62-005 문 일람표-5.pdf,B3,HO.007
APO 62-005 문 일람표-5.pdf,B3,HO.008
APO 62-005 문 일람표-5.pdf,B3,HO.009
APO 62-005 문 일람표-5.pdf,B3,HO.010
APO 62-005 문 일람표-5.pdf,B3,HO.011
APO 62-005 문 일람표-5.pdf,B3,HO.012
APO 62-005 문 일람표-5.pdf,B3,HO.013
APO 62-005 문 일람표-5.pdf,B3,HO.014
APO 62-005 문 일람표-5.pdf,B3,OT.001
APO 62-005 문 일람표-5.pdf,B3,OT.002
APO 62-005 문 일람표-5.pdf,B3,OT.003
APO 62-005 문 일람표-5.pdf,B3,OT.004
APO 62-005 문 일람표-5.pdf,B3,OT.005
APO 62-005 문 일람표-5.pdf,B3,OT.006
APO 62-005 문 일람표-5.pdf,B3,OT.007
APO 62-005 문 일람표-5.pdf,B3,OT.008
APO 62-005 문 일람표-5.pdf,B3,OT.009
APO 62-005 문 일람표-5.pdf,B3,OT.010
APO 62-005 문 일람표-5.pdf,B3,OT.011
APO 62-005 문 일람표-5.pdf,B3,OT.012
APO 62-005 문 일람표-5.pdf,B3,OT.013
APO 62-005 문 일람표-5.pdf,B3,OT.014
APO 62-005 문 일람표-5.pdf,B3,OT.015
APO 62-005 문 일람표-5.pdf,B3,OT.016
APO 62-005 문 일람표-5.pdf,B3,OT.017
APO 62-005 문 일람표-5.pdf,B3,OT.018
APO 62-005 문 일람표-5.pdf,B3,OT.019
APO 62-005 문 일람표-5.pdf,B3,OT.020
APO 62-005 문 일람표-5.pdf,B3,OT.021
APO 62-006 문 일람표-6.pdf,B2,CM.001
APO 62-006 문 일람표-6.pdf,B2,CM.002
APO 62-006 문 일람표-6.pdf,B2,CM.003
APO 62-006 문 일람표-6.pdf,B2,CM.004
APO 62-006 문 일람표-6.pdf,B2,CM.005
APO 62-006 문 일람표-6.pdf,B2,CM.006
APO 62-006 문 일람표-6.pdf,B2,CM.007
APO 62-006 문 일람표-6.pdf,B2,CM.008
APO 62-006 문 일람표-6.pdf,B2,CM.009
APO 62-006 문 일람표-6.pdf,B2,CM.010
APO 62-006 문 일람표-6.pdf,B2,CM.011
APO 62-006 문 일람표-6.pdf,B2,CM.012
APO 62-006 문 일람표-6.pdf,B2,CM.013
APO 62-006 문 일람표-6.pdf,B2,CM.014
APO 62-006 문 일람표-6.pdf,B2,CM.015
APO 62-006 문 일람표-6.pdf,B2,CM.016
APO 62-006 문 일람표-6.pdf,B2,CM.017
APO 62-006 문 일람표-6.pdf,B2,CM.018
APO 62-006 문 일람표-6.pdf,B2,CM.019
APO 62-006 문 일람표-6.pdf,B2,CM.020
APO 62-006 문 일람표-6.pdf,B2,CM.021
APO 62-006 문 일람표-6.pdf,B2,CM.022
APO 62-006 문 일람표-6.pdf,B2,CM.023
APO 62-006 문 일람표-6.pdf,B2,CM.024
APO 62-006 문 일람표-6.pdf,B2,CM.025
APO 62-006 문 일람표-6.pdf,B2,CM.026
APO 62-006 문 일람표-6.pdf,B2,CM.027
APO 62-006 문 일람표-6.pdf,B2,CM.028
APO 62-006 문 일람표-6.pdf,B2,CM.029
APO 62-006 문 일람표-6.pdf,B2,CM.030
APO 62-006 문 일람표-6.pdf,B2,CM.031
APO 62-006 문 일람표-6.pdf,B2,CM.032
APO 62-006 문 일람표-6.pdf,B2,CM.033
APO 62-006 문 일람표-6.pdf,B2,CM.034
APO 62-006 문 일람표-6.pdf,B2,CM.035
APO 62-006 문 일람표-6.pdf,B2,CM.036
APO 62-006 문 일람표-6.pdf,B2,CM.037
APO 62-006 문 일람표-6.pdf,B2,CM.038
APO 62-006 문 일람표-6.pdf,B2,CM.039
APO 62-006 문 일람표-6.pdf,B2,CM.040
APO 62-006 문 일람표-6.pdf,B2,CM.041
APO 62-006 문 일람표-6.pdf,B2,CM.042
APO 62-006 문 일람표-6.pdf,B2,CM.043
APO 62-006 문 일람표-6.pdf,B2,CM.044
APO 62-006 문 일람표-6.pdf,B2,CM.045
APO 62-006 문 일람표-6.pdf,B2,CM.046
APO 62-006 문 일람표-6.pdf,B2,CM.047
APO 62-006 문 일람표-6.pdf,B2,CM.048
APO 62-006 문 일람표-6.pdf,B2,CM.049
APO 62-006 문 일람표-6.pdf,B2,CM.050
APO 62-006 문 일람표-6.pdf,B2,CM.051
APO 62-006 문 일람표-6.pdf,B2,CM.052
APO 62-006 문 일람표-6.pdf,B2,CM.053
APO 62-006 문 일람표-6.pdf,B2,CM.054
APO 62-006 문 일람표-6.pdf,B2,CM.055
APO 62-006 문 일람표-6.pdf,B2,CM.056
APO 62-006 문 일람표-6.pdf,B2,CM.057
APO 62-006 문 일람표-6.pdf,B2,CM.058
APO 62-006 문 일람표-6.pdf,B2,CM.059
APO 62-006 문 일람표-6.pdf,B2,CM.060
APO 62-006 문 일람표-6.pdf,B2,CM.061
APO 62-006 문 일람표-6.pdf,B2,CM.062
APO 62-006 문 일람표-6.pdf,B2,CM.063
APO 62-006 문 일람표-6.pdf,B2,CM.064
APO 62-006 문 일람표-6.pdf,B2,CM.065
APO 62-006 문 일람표-6.pdf,B2,CM.066
APO 62-006 문 일람표-6.pdf,B2,CM.067
APO 62-006 문 일람표-6.pdf,B2,CM.068
APO 62-006 문 일람표-6.pdf,B2,CM.069
APO 62-006 문 일람표-6.pdf,B2,CM.070
APO 62-006 문 일람표-6.pdf,B2,CM.071
APO 62-006 문 일람표-6.pdf,B2,CM.072
APO 62-006 문 일람표-6.pdf,B2,CM.073
APO 62-006 문 일람표-6.pdf,B2,CM.074
APO 62-006 문 일람표-6.pdf,B2,CM.075
APO 62-006 문 일람표-6.pdf,B2,CM.076
APO 62-006 문 일람표-6.pdf,B2,CM.077
APO 62-006 문 일람표-6.pdf,B2,CM.078
APO 62-006 문 일람표-6.pdf,B2,CM.079
APO 62-006 문 일람표-6.pdf,B2,CM.080
APO 62-006 문 일람표-6.pdf,B2,CM.081
APO 62-006 문 일람표-6.pdf,B2,CM.082
APO 62-006 문 일람표-6.pdf,B2,CM.083
APO 62-006 문 일람표-6.pdf,B2,CM.084
APO 62-006 문 일람표-6.pdf,B2,CM.085
APO 62-006 문 일람표-6.pdf,B2,CM.086
APO 62-006 문 일람표-6.pdf,B2,CM.087
APO 62-006 문 일람표-6.pdf,B2,CM.088
APO 62-006 문 일람표-6.pdf,B2,CM.089
APO 62-006 문 일람표-6.pdf,B2,CM.090
APO 62-006 문 일람표-6.pdf,B2,CM.091
APO 62-006 문 일람표-6.pdf,B2,CM.092
APO 62-006 문 일람표-6.pdf,B2,CM.093
APO 62-006 문 일람표-6.pdf,B2,CM.094
APO 62-006 문 일람표-6.pdf,B2,CM.095
APO 62-006 문 일람표-6.pdf,B2,CM.096
APO 62-006 문 일람표-6.pdf,B2,CM.097
APO 62-006 문 일람표-6.pdf,B2,CM.098
APO 62-006 문 일람표-6.pdf,B2,CM.099
APO 62-006 문 일람표-6.pdf,B2,OF1.001
APO 62-006 문 일람표-6.pdf,B2,OF1.002
APO 62-006 문 일람표-6.pdf,B2,OF1.003
APO 62-006 문 일람표-6.pdf,B2,OF1.004
APO 62-006 문 일람표-6.pdf,B2,OF1.005
APO 62-006 문 일람표-6.pdf,B2,OF1.006
APO 62-006 문 일람표-6.pdf,B2,OF1.007
APO 62-006 문 일람표-6.pdf,B2,OF1.008
APO 62-006 문 일람표-6.pdf,B2,OF1.009
APO 62-006 문 일람표-6.pdf,B2,OF1.010
APO 62-006 문 일람표-6.pdf,B2,OF1.011
APO 62-006 문 일람표-6.pdf,B2,OF1.012
APO 62-006 문 일람표-6.pdf,B2,OF1.013
APO 62-006 문 일람표-6.pdf,B2,OF1.014
APO 62-006 문 일람표-6.pdf,B2,OF1.015
APO 62-006 문 일람표-6.pdf,B2,OF1.016
APO 62-006 문 일람표-6.pdf,B2,OF1.017
APO 62-006 문 일람표-6.pdf,B2,OF1.018
APO 62-006 문 일람표-6.pdf,B2,OF1.019
APO 62-006 문 일람표-6.pdf,B2,OF1.020
APO 62-006 문 일람표-6.pdf,B2,OF1.021
APO 62-006 문 일람표-6.pdf,B2,OF1.022
APO 62-006 문 일람표-6.pdf,B2,OF1.023
APO 62-006 문 일람표-6.pdf,B2,OF1.024
APO 62-006 문 일람표-6.pdf,B2,OF2.001
APO 62-006 문 일람표-6.pdf,B2,OF2.002
APO 62-006 문 일람표-6.pdf,B2,OF2.003
APO 62-006 문 일람표-6.pdf,B2,OF2.004
APO 62-006 문 일람표-6.pdf,B2,OF2.005
APO 62-006 문 일람표-6.pdf,B2,OF2.006
APO 62-006 문 일람표-6.pdf,B2,OF2.007
APO 62-006 문 일람표-6.pdf,B2,OF2.008
APO 62-006 문 일람표-6.pdf,B2,OF2.009
APO 62-006 문 일람표-6.pdf,B2,OF2.010
APO 62-006 문 일람표-6.pdf,B2,OF2.011
APO 62-006 문 일람표-6.pdf,B2,OF2.012
APO 62-006 문 일람표-6.pdf,B2,OF2.013
APO 62-006 문 일람표-6.pdf,B2,OF2.014
APO 62-006 문 일람표-6.pdf,B2,OF2.015
APO 62-006 문 일람표-6.pdf,B2,OF2.016
APO 62-006 문 일람표-6.pdf,B2,OF2.017
APO 62-006 문 일람표-6.pdf,B2,OF2.018
APO 62-006 문 일람표-6.pdf,B2,OF2.019
APO 62-006 문 일람표-6.pdf,B2,OF2.020
APO 62-007 문 일람표-7.pdf,B2,OF3.001
APO 62-007 문 일람표-7.pdf,B2,OF3.002
APO 62-007 문 일람표-7.pdf,B2,OF3.003
APO 62-007 문 일람표-7.pdf,B2,OF3.004
APO 62-007 문 일람표-7.pdf,B2,OF3.005
APO 62-007 문 일람표-7.pdf,B2,OF3.006
APO 62-007 문 일람표-7.pdf,B2,OF3.007
APO 62-007 문 일람표-7.pdf,B2,OF3.008
APO 62-007 문 일람표-7.pdf,B2,OF3.009
APO 62-007 문 일람표-7.pdf,B2,HO.001
APO 62-007 문 일람표-7.pdf,B2,HO.002
APO 62-007 문 일람표-7.pdf,B2,HO.003
APO 62-007 문 일람표-7.pdf,B2,HO.004
APO 62-007 문 일람표-7.pdf,B2,HO.005
APO 62-007 문 일람표-7.pdf,B2,HO.006
APO 62-007 문 일람표-7.pdf,B2,HO.007
APO 62-007 문 일람표-7.pdf,B2,HO.008
APO 62-007 문 일람표-7.pdf,B2,HO.009
APO 62-007 문 일람표-7.pdf,B2,HO.010
APO 62-007 문 일람표-7.pdf,B2,HO.011
APO 62-007 문 일람표-7.pdf,B2,HO.012
APO 62-007 문 일람표-7.pdf,B2,HO.013
APO 62-007 문 일람표-7.pdf,B2,HO.014
APO 62-007 문 일람표-7.pdf,B2,HO.015
APO 62-007 문 일람표-7.pdf,B2,HO.016
APO 62-007 문 일람표-7.pdf,B2,HO.017
APO 62-007 문 일람표-7.pdf,B2,HO.018
APO 62-007 문 일람표-7.pdf,B2,HO.019
APO 62-007 문 일람표-7.pdf,B2,HO.020
APO 62-007 문 일람표-7.pdf,B2,HO.021
APO 62-007 문 일람표-7.pdf,B2,HO.022
APO 62-007 문 일람표-7.pdf,B2,HO.023
APO 62-007 문 일람표-7.pdf,B2,HO.024
APO 62-007 문 일람표-7.pdf,B2,HO.025
APO 62-007 문 일람표-7.pdf,B2,HO.026
APO 62-007 문 일람표-7.pdf,B2,HO.027
APO 62-007 문 일람표-7.pdf,B2,HO.028
APO 62-007 문 일람표-7.pdf,B2,HO.029
APO 62-007 문 일람표-7.pdf,B2,HO.030
APO 62-007 문 일람표-7.pdf,B2,HO.031
APO 62-007 문 일람표-7.pdf,B2,HO.032
APO 62-007 문 일람표-7.pdf,B2,HO.033
APO 62-007 문 일람표-7.pdf,B2,HO.034
APO 62-007 문 일람표-7.pdf,B2,HO.035
APO 62-007 문 일람표-7.pdf,B2,HO.036
APO 62-007 문 일람표-7.pdf,B2,HO.037
APO 62-007 문 일람표-7.pdf,B2,HO.038
APO 62-007 문 일람표-7.pdf,B2,HO.039
APO 62-007 문 일람표-7.pdf,B2,HO.040
APO 62-007 문 일람표-7.pdf,B2,HO.041
APO 62-007 문 일람표-7.pdf,B2,HO.042
APO 62-007 문 일람표-7.pdf,B2,HO.043
APO 62-007 문 일람표-7.pdf,B2,HO.044
APO 62-007 문 일람표-7.pdf,B2,HO.045
APO 62-007 문 일람표-7.pdf,B2,HO.046
APO 62-007 문 일람표-7.pdf,B2,HO.047
APO 62-007 문 일람표-7.pdf,B2,HO.048
APO 62-007 문 일람표-7.pdf,B2,HO.049
APO 62-007 문 일람표-7.pdf,B2,HO.050
APO 62-007 문 일람표-7.pdf,B2,HO.051
APO 62-007 문 일람표-7.pdf,B2,HO.052
APO 62-007 문 일람표-7.pdf,B2,HO.053
APO 62-007 문 일람표-7.pdf,B2,HO.054
APO 62-007 문 일람표-7.pdf,B2,HO.055
APO 62-007 문 일람표-7.pdf,B2,HO.056
APO 62-007 문 일람표-7.pdf,B2,HO.057
APO 62-007 문 일람표-7.pdf,B2,HO.058
APO 62-007 문 일람표-7.pdf,B2,HO.059
APO 62-007 문 일람표-7.pdf,B2,HO.060
APO 62-007 문 일람표-7.pdf,B2,HO.061
APO 62-007 문 일람표-7.pdf,B2,HO.062
APO 62-007 문 일람표-7.pdf,B2,HO.063
APO 62-007 문 일람표-7.pdf,B2,HO.064
APO 62-007 문 일람표-7.pdf,B2,HO.065
APO 62-007 문 일람표-7.pdf,B2,HO.066
APO 62-007 문 일람표-7.pdf,B2,HO.067
APO 62-007 문 일람표-7.pdf,B2,HO.068
APO 62-007 문 일람표-7.pdf,B2,HO.069
APO 62-007 문 일람표-7.pdf,B2,HO.070
APO 62-007 문 일람표-7.pdf,B2,HO.071
APO 62-007 문 일람표-7.pdf,B2,HO.072
APO 62-007 문 일람표-7.pdf,B2,HO.073
APO 62-007 문 일람표-7.pdf,B2,HO.074
APO 62-007 문 일람표-7.pdf,B2,HO.075
APO 62-007 문 일람표-7.pdf,B2,HO.076
APO 62-007 문 일람표-7.pdf,B2,HO.077
APO 62-007 문 일람표-7.pdf,B2,HO.078
APO 62-007 문 일람표-7.pdf,B2,HO.079
APO 62-007 문 일람표-7.pdf,B2,HO.080
APO 62-007 문 일람표-7.pdf,B2,HO.081
APO 62-007 문 일람표-7.pdf,B2,HO.082
APO 62-007 문 일람표-7.pdf,B2,HO.083
APO 62-007 문 일람표-7.pdf,B2,HO.084
APO 62-007 문 일람표-7.pdf,B2,HO.085
APO 62-007 문 일람표-7.pdf,B2,HO.086
APO 62-007 문 일람표-7.pdf,B2,HO.088
APO 62-007 문 일람표-7.pdf,B2,HO.089
APO 62-007 문 일람표-7.pdf,B2,HO.090
APO 62-007 문 일람표-7.pdf,B2,HO.091
APO 62-007 문 일람표-7.pdf,B2,OT.001
APO 62-007 문 일람표-7.pdf,B2,OT.002
APO 62-007 문 일람표-7.pdf,B2,OT.003
APO 62-007 문 일람표-7.pdf,B2,OT.004
APO 62-007 문 일람표-7.pdf,B2,OT.005
APO 62-007 문 일람표-7.pdf,B2,OT.006
APO 62-007 문 일람표-7.pdf,B2,OT.007
APO 62-007 문 일람표-7.pdf,B2,OT.008
APO 62-007 문 일람표-7.pdf,B2,OT.009
APO 62-007 문 일람표-7.pdf,B2,OT.010
APO 62-007 문 일람표-7.pdf,B2,OT.011
APO 62-007 문 일람표-7.pdf,B2,OT.012
APO 62-007 문 일람표-7.pdf,B2,OT.013
APO 62-007 문 일람표-7.pdf,B2,OT.014
APO 62-008 문 일람표-8.pdf,B1,CM.001
APO 62-008 문 일람표-8.pdf,B1,CM.002
APO 62-008 문 일람표-8.pdf,B1,CM.003
APO 62-008 문 일람표-8.pdf,B1,CM.004
APO 62-008 문 일람표-8.pdf,B1,CM.005
APO 62-008 문 일람표-8.pdf,B1,CM.006
APO 62-008 문 일람표-8.pdf,B1,CM.007
APO 62-008 문 일람표-8.pdf,B1,CM.008
APO 62-008 문 일람표-8.pdf,B1,CM.009
APO 62-008 문 일람표-8.pdf,B1,CM.010
APO 62-008 문 일람표-8.pdf,B1,CM.011
APO 62-008 문 일람표-8.pdf,B1,CM.012
APO 62-008 문 일람표-8.pdf,B1,CM.013
APO 62-008 문 일람표-8.pdf,B1,CM.014
APO 62-008 문 일람표-8.pdf,B1,CM.015
APO 62-008 문 일람표-8.pdf,B1,CM.016
APO 62-008 문 일람표-8.pdf,B1,CM.017
APO 62-008 문 일람표-8.pdf,B1,CM.018
APO 62-008 문 일람표-8.pdf,B1,CM.019
APO 62-008 문 일람표-8.pdf,B1,CM.020
APO 62-008 문 일람표-8.pdf,B1,CM.021
APO 62-008 문 일람표-8.pdf,B1,CM.022
APO 62-008 문 일람표-8.pdf,B1,CM.023
APO 62-008 문 일람표-8.pdf,B1,CM.024
APO 62-008 문 일람표-8.pdf,B1,CM.025
APO 62-008 문 일람표-8.pdf,B1,CM.026
APO 62-008 문 일람표-8.pdf,B1,CM.027
APO 62-008 문 일람표-8.pdf,B1,CM.028
APO 62-008 문 일람표-8.pdf,B1,CM.029
APO 62-008 문 일람표-8.pdf,B1,CM.030
APO 62-008 문 일람표-8.pdf,B1,CM.031
APO 62-008 문 일람표-8.pdf,B1,CM.032
APO 62-008 문 일람표-8.pdf,B1,CM.034
APO 62-008 문 일람표-8.pdf,B1,CM.035
APO 62-008 문 일람표-8.pdf,B1,CM.036
APO 62-008 문 일람표-8.pdf,B1,CM.037
APO 62-008 문 일람표-8.pdf,B1,CM.038
APO 62-008 문 일람표-8.pdf,B1,CM.039
APO 62-008 문 일람표-8.pdf,B1,CM.040
APO 62-008 문 일람표-8.pdf,B1,CM.041
APO 62-008 문 일람표-8.pdf,B1,CM.042
APO 62-008 문 일람표-8.pdf,B1,CM.043
APO 62-008 문 일람표-8.pdf,B1,CM.044
APO 62-008 문 일람표-8.pdf,B1,CM.045
APO 62-008 문 일람표-8.pdf,B1,CM.046
APO 62-008 문 일람표-8.pdf,B1,CM.047
APO 62-008 문 일람표-8.pdf,B1,CM.048
APO 62-008 문 일람표-8.pdf,B1,CM.049
APO 62-008 문 일람표-8.pdf,B1,CM.050
APO 62-008 문 일람표-8.pdf,B1,CM.051
APO 62-008 문 일람표-8.pdf,B1,CM.052
APO 62-008 문 일람표-8.pdf,B1,CM.053
APO 62-008 문 일람표-8.pdf,B1,CM.054
APO 62-008 문 일람표-8.pdf,B1,CM.055
APO 62-008 문 일람표-8.pdf,B1,CM.056
APO 62-008 문 일람표-8.pdf,B1,CM.057
APO 62-008 문 일람표-8.pdf,B1,CM.058
APO 62-008 문 일람표-8.pdf,B1,CM.059
APO 62-008 문 일람표-8.pdf,B1,CM.060
APO 62-008 문 일람표-8.pdf,B1,CM.061
APO 62-008 문 일람표-8.pdf,B1,CM.062
APO 62-008 문 일람표-8.pdf,B1,CM.063
APO 62-008 문 일람표-8.pdf,B1,CM.064
APO 62-008 문 일람표-8.pdf,B1,CM.065
APO 62-008 문 일람표-8.pdf,B1,CM.066
APO 62-008 문 일람표-8.pdf,B1,CM.067
APO 62-008 문 일람표-8.pdf,B1,CM.068
APO 62-008 문 일람표-8.pdf,B1,CM.069
APO 62-008 문 일람표-8.pdf,B1,CM.070
APO 62-008 문 일람표-8.pdf,B1,CM.071
APO 62-008 문 일람표-8.pdf,B1,CM.072
APO 62-008 문 일람표-8.pdf,B1,CM.073
APO 62-008 문 일람표-8.pdf,B1,CM.074
APO 62-008 문 일람표-8.pdf,B1,CM.076
APO 62-008 문 일람표-8.pdf,B1,CM.077
APO 62-008 문 일람표-8.pdf,B1,CM.079
APO 62-008 문 일람표-8.pdf,B1,CM.080
APO 62-008 문 일람표-8.pdf,B1,CM.081
APO 62-008 문 일람표-8.pdf,B1,CM.082
APO 62-008 문 일람표-8.pdf,B1,CM.083
APO 62-008 문 일람표-8.pdf,B1,CM.084
APO 62-008 문 일람표-8.pdf,B1,CM.085
APO 62-008 문 일람표-8.pdf,B1,CM.086
APO 62-008 문 일람표-8.pdf,B1,CM.087
APO 62-008 문 일람표-8.pdf,B1,CM.088
APO 62-008 문 일람표-8.pdf,B1,CM.089
APO 62-008 문 일람표-8.pdf,B1,CM.090
APO 62-008 문 일람표-8.pdf,B1,CM.091
APO 62-008 문 일람표-8.pdf,B1,CM.092
APO 62-008 문 일람표-8.pdf,B1,CM.093
APO 62-008 문 일람표-8.pdf,B1,CM.094
APO 62-008 문 일람표-8.pdf,B1,CM.095
APO 62-008 문 일람표-8.pdf,B1,CM.096
APO 62-008 문 일람표-8.pdf,B1,CM.097
APO 62-008 문 일람표-8.pdf,B1,CM.098
APO 62-008 문 일람표-8.pdf,B1,CM.099
APO 62-008 문 일람표-8.pdf,B1,CM.100
APO 62-008 문 일람표-8.pdf,B1,CM.101
APO 62-008 문 일람표-8.pdf,B1,CM.102
APO 62-008 문 일람표-8.pdf,B1,CM.103
APO 62-008 문 일람표-8.pdf,B1,CM.104
APO 62-008 문 일람표-8.pdf,B1,CM.105
APO 62-008 문 일람표-8.pdf,B1,CM.106
APO 62-008 문 일람표-8.pdf,B1,CM.107
APO 62-008 문 일람표-8.pdf,B1,CM.108
APO 62-008 문 일람표-8.pdf,B1,CM.109
APO 62-008 문 일람표-8.pdf,B1,CM.110
APO 62-008 문 일람표-8.pdf,B1,CM.111
APO 62-008 문 일람표-8.pdf,B1,CM.112
APO 62-008 문 일람표-8.pdf,B1,CM.113
APO 62-008 문 일람표-8.pdf,B1,CM.114
APO 62-008 문 일람표-8.pdf,B1,CM.115
APO 62-008 문 일람표-8.pdf,B1,CM.116
APO 62-008 문 일람표-8.pdf,B1,CM.117
APO 62-008 문 일람표-8.pdf,B1,CM.118
APO 62-008 문 일람표-8.pdf,B1,CM.119
APO 62-008 문 일람표-8.pdf,B1,CM.120
APO 62-008 문 일람표-8.pdf,B1,CM.122
APO 62-008 문 일람표-8.pdf,B1,CM.123
APO 62-008 문 일람표-8.pdf,B1,CM.124
APO 62-008 문 일람표-8.pdf,B1,CM.125
APO 62-008 문 일람표-8.pdf,B1,CM.126
APO 62-008 문 일람표-8.pdf,B1,CM.127
APO 62-008 문 일람표-8.pdf,B1,CM.128
APO 62-008 문 일람표-8.pdf,B1,CM.129
APO 62-008 문 일람표-8.pdf,B1,CM.130
APO 62-008 문 일람표-8.pdf,B1,CM.131
APO 62-008 문 일람표-8.pdf,B1,CM.132
APO 62-008 문 일람표-8.pdf,B1,CM.133
APO 62-008 문 일람표-8.pdf,B1,CM.134
APO 62-008 문 일람표-8.pdf,B1,CM.135
APO 62-008 문 일람표-8.pdf,B1,CM.136
APO 62-008 문 일람표-8.pdf,B1,CM.137
APO 62-008 문 일람표-8.pdf,B1,CM.138
APO 62-008 문 일람표-8.pdf,B1,CM.139
APO 62-008 문 일람표-8.pdf,B1,CM.140
APO 62-008 문 일람표-8.pdf,B1,CM.141
APO 62-008 문 일람표-8.pdf,B1,CM.142
APO 62-008 문 일람표-8.pdf,B1,CM.143
APO 62-008 문 일람표-8.pdf,B1,CM.144
APO 62-008 문 일람표-8.pdf,B1,CM.145
APO 62-008 문 일람표-8.pdf,B1,CM.146
APO 62-008 문 일람표-8.pdf,B1,CM.147
APO 62-008 문 일람표-8.pdf,B1,CM.148
APO 62-008 문 일람표-8.pdf,B1,CM.149
APO 62-008 문 일람표-8.pdf,B1,CM.150
APO 62-009 문 일람표-9.pdf,B1,CM.151
APO 62-009 문 일람표-9.pdf,B1,CM.152
APO 62-009 문 일람표-9.pdf,B1,CM.153
APO 62-009 문 일람표-9.pdf,B1,CM.154
APO 62-009 문 일람표-9.pdf,B1,CM.155
APO 62-009 문 일람표-9.pdf,B1,CM.156
APO 62-009 문 일람표-9.pdf,B1,CM.157
APO 62-009 문 일람표-9.pdf,B1,CM.158
APO 62-009 문 일람표-9.pdf,B1,CM.159
APO 62-009 문 일람표-9.pdf,B1,OF1.001
APO 62-009 문 일람표-9.pdf,B1,OF1.002
APO 62-009 문 일람표-9.pdf,B1,OF1.003
APO 62-009 문 일람표-9.pdf,B1,OF1.004
APO 62-009 문 일람표-9.pdf,B1,OF1.005
APO 62-009 문 일람표-9.pdf,B1,OF1.006
APO 62-009 문 일람표-9.pdf,B1,OF1.007
APO 62-009 문 일람표-9.pdf,B1,OF1.008
APO 62-009 문 일람표-9.pdf,B1,OF1.009
APO 62-009 문 일람표-9.pdf,B1,OF1.010
APO 62-009 문 일람표-9.pdf,B1,OF1.011
APO 62-009 문 일람표-9.pdf,B1,OF1.012
APO 62-009 문 일람표-9.pdf,B1,OF1.013
APO 62-009 문 일람표-9.pdf,B1,OF1.018
APO 62-009 문 일람표-9.pdf,B1,OF1.019
APO 62-009 문 일람표-9.pdf,B1,OF1.020
APO 62-009 문 일람표-9.pdf,B1,OF1.021
APO 62-009 문 일람표-9.pdf,B1,OF1.022
APO 62-009 문 일람표-9.pdf,B1,OF1.023
APO 62-009 문 일람표-9.pdf,B1,OF1.024
APO 62-009 문 일람표-9.pdf,B1,OF1.025
APO 62-009 문 일람표-9.pdf,B1,OF1.026
APO 62-009 문 일람표-9.pdf,B1,OF1.027
APO 62-009 문 일람표-9.pdf,B1,OF1.028
APO 62-009 문 일람표-9.pdf,B1,OF1.029
APO 62-009 문 일람표-9.pdf,B1,OF1.030
APO 62-009 문 일람표-9.pdf,B1,OF1.031
APO 62-009 문 일람표-9.pdf,B1,OF1.032
APO 62-009 문 일람표-9.pdf,B1,OF1.033
APO 62-009 문 일람표-9.pdf,B1,OF1.034
APO 62-009 문 일람표-9.pdf,B1,OF1.035
APO 62-009 문 일람표-9.pdf,B1,OF1.036
APO 62-009 문 일람표-9.pdf,B1,OF1.037
APO 62-009 문 일람표-9.pdf,B1,OF2.001
APO 62-009 문 일람표-9.pdf,B1,OF2.002
APO 62-009 문 일람표-9.pdf,B1,OF2.003
APO 62-009 문 일람표-9.pdf,B1,OF2.004
APO 62-009 문 일람표-9.pdf,B1,OF2.005
APO 62-009 문 일람표-9.pdf,B1,OF2.006
APO 62-009 문 일람표-9.pdf,B1,OF2.007
APO 62-009 문 일람표-9.pdf,B1,OF2.008
APO 62-009 문 일람표-9.pdf,B1,OF2.009
APO 62-009 문 일람표-9.pdf,B1,OF2.010
APO 62-009 문 일람표-9.pdf,B1,OF2.011
APO 62-009 문 일람표-9.pdf,B1,OF2.012
APO 62-009 문 일람표-9.pdf,B1,OF2.013
APO 62-009 문 일람표-9.pdf,B1,OF2.014
APO 62-009 문 일람표-9.pdf,B1,OF2.015
APO 62-009 문 일람표-9.pdf,B1,OF2.016
APO 62-009 문 일람표-9.pdf,B1,OF2.017
APO 62-009 문 일람표-9.pdf,B1,OF2.018
APO 62-009 문 일람표-9.pdf,B1,OF2.019
APO 62-009 문 일람표-9.pdf,B1,OF2.020
APO 62-009 문 일람표-9.pdf,B1,OF2.021
APO 62-009 문 일람표-9.pdf,B1,OF2.022
APO 62-009 문 일람표-9.pdf,B1,OF2.023
APO 62-009 문 일람표-9.pdf,B1,OF2.024
APO 62-009 문 일람표-9.pdf,B1,OF3.001
APO 62-009 문 일람표-9.pdf,B1,OF3.002
APO 62-009 문 일람표-9.pdf,B1,OF3.003
APO 62-009 문 일람표-9.pdf,B1,OF3.004
APO 62-009 문 일람표-9.pdf,B1,OF3.005
APO 62-009 문 일람표-9.pdf,B1,OF3.006
APO 62-009 문 일람표-9.pdf,B1,OF3.007
APO 62-009 문 일람표-9.pdf,B1,OF3.008
APO 62-009 문 일람표-9.pdf,B1,OF3.009
APO 62-009 문 일람표-9.pdf,B1,OF3.010
APO 62-009 문 일람표-9.pdf,B1,OF3.011
APO 62-009 문 일람표-9.pdf,B1,OF3.012
APO 62-009 문 일람표-9.pdf,B1,OF3.013
APO 62-009 문 일람표-9.pdf,B1,HO.001
APO 62-009 문 일람표-9.pdf,B1,HO.002
APO 62-009 문 일람표-9.pdf,B1,HO.003
APO 62-009 문 일람표-9.pdf,B1,HO.004
APO 62-009 문 일람표-9.pdf,B1,HO.005
APO 62-009 문 일람표-9.pdf,B1,HO.006
APO 62-009 문 일람표-9.pdf,B1,HO.007
APO 62-009 문 일람표-9.pdf,B1,HO.008
APO 62-009 문 일람표-9.pdf,B1,HO.009
APO 62-009 문 일람표-9.pdf,B1,HO.010
APO 62-009 문 일람표-9.pdf,B1,HO.011
APO 62-009 문 일람표-9.pdf,B1,HO.012
APO 62-009 문 일람표-9.pdf,B1,HO.013
APO 62-009 문 일람표-9.pdf,B1,HO.014
APO 62-009 문 일람표-9.pdf,B1,OT.001
APO 62-009 문 일람표-9.pdf,B1,OT.002
APO 62-009 문 일람표-9.pdf,B1,OT.003
APO 62-009 문 일람표-9.pdf,B1,OT.004
APO 62-009 문 일람표-9.pdf,B1,OT.005
APO 62-009 문 일람표-9.pdf,B1,OT.006
APO 62-009 문 일람표-9.pdf,B1,OT.007
APO 62-009 문 일람표-9.pdf,B1,OT.008
APO 62-009 문 일람표-9.pdf,B1,OT.009
APO 62-009 문 일람표-9.pdf,B1,OT.010
APO 62-009 문 일람표-9.pdf,B1,OT.011
APO 62-009 문 일람표-9.pdf,B1,OT.012
APO 62-009 문 일람표-9.pdf,B1,OT.013
APO 62-009 문 일람표-9.pdf,B1,OT.014
APO 62-009 문 일람표-9.pdf,B1,OT.015
APO 62-009 문 일람표-9.pdf,B1,OT.016
APO 62-009 문 일람표-9.pdf,B1,OT.017
APO 62-010 문 일람표-10.pdf,1F,CM.001
APO 62-010 문 일람표-10.pdf,1F,CM.002
APO 62-010 문 일람표-10.pdf,1F,CM.003
APO 62-010 문 일람표-10.pdf,1F,CM.004
APO 62-010 문 일람표-10.pdf,1F,CM.005
APO 62-010 문 일람표-10.pdf,1F,CM.006
APO 62-010 문 일람표-10.pdf,1F,CM.007
APO 62-010 문 일람표-10.pdf,1F,CM.008
APO 62-010 문 일람표-10.pdf,1F,CM.009
APO 62-010 문 일람표-10.pdf,1F,CM.010
APO 62-010 문 일람표-10.pdf,1F,CM.011
APO 62-010 문 일람표-10.pdf,1F,CM.012
APO 62-010 문 일람표-10.pdf,1F,CM.013
APO 62-010 문 일람표-10.pdf,1F,CM.014
APO 62-010 문 일람표-10.pdf,1F,CM.015
APO 62-010 문 일람표-10.pdf,1F,CM.016
APO 62-010 문 일람표-10.pdf,1F,CM.017
APO 62-010 문 일람표-10.pdf,1F,CM.018
APO 62-010 문 일람표-10.pdf,1F,CM.019
APO 62-010 문 일람표-10.pdf,1F,CM.020
APO 62-010 문 일람표-10.pdf,1F,CM.021
APO 62-010 문 일람표-10.pdf,1F,CM.022
APO 62-010 문 일람표-10.pdf,1F,CM.023
APO 62-010 문 일람표-10.pdf,1F,CM.024
APO 62-010 문 일람표-10.pdf,1F,CM.025
APO 62-010 문 일람표-10.pdf,1F,CM.026
APO 62-010 문 일람표-10.pdf,1F,CM.027
APO 62-010 문 일람표-10.pdf,1F,CM.028
APO 62-010 문 일람표-10.pdf,1F,CM.029
APO 62-010 문 일람표-10.pdf,1F,CM.030
APO 62-010 문 일람표-10.pdf,1F,CM.031
APO 62-010 문 일람표-10.pdf,1F,CM.032
APO 62-010 문 일람표-10.pdf,1F,CM.033
APO 62-010 문 일람표-10.pdf,1F,CM.034
APO 62-010 문 일람표-10.pdf,1F,CM.035
APO 62-010 문 일람표-10.pdf,1F,CM.036
APO 62-010 문 일람표-10.pdf,1F,CM.037
APO 62-010 문 일람표-10.pdf,1F,CM.038
APO 62-010 문 일람표-10.pdf,1F,CM.039
APO 62-010 문 일람표-10.pdf,1F,CM.040
APO 62-010 문 일람표-10.pdf,1F,CM.041
APO 62-010 문 일람표-10.pdf,1F,CM.042
APO 62-010 문 일람표-10.pdf,1F,CM.043
APO 62-010 문 일람표-10.pdf,1F,CM.044
APO 62-010 문 일람표-10.pdf,1F,CM.045
APO 62-010 문 일람표-10.pdf,1F,CM.046
APO 62-010 문 일람표-10.pdf,1F,CM.047
APO 62-010 문 일람표-10.pdf,1F,CM.048
APO 62-010 문 일람표-10.pdf,1F,CM.049
APO 62-010 문 일람표-10.pdf,1F,CM.050
APO 62-010 문 일람표-10.pdf,1F,CM.051
APO 62-010 문 일람표-10.pdf,1F,CM.054
APO 62-010 문 일람표-10.pdf,1F,CM.055
APO 62-010 문 일람표-10.pdf,1F,CM.056
APO 62-010 문 일람표-10.pdf,1F,CM.057
APO 62-010 문 일람표-10.pdf,1F,CM.058
APO 62-010 문 일람표-10.pdf,1F,CM.059
APO 62-010 문 일람표-10.pdf,1F,CM.060
APO 62-010 문 일람표-10.pdf,1F,CM.061
APO 62-010 문 일람표-10.pdf,1F,CM.062
APO 62-010 문 일람표-10.pdf,1F,CM.063
APO 62-010 문 일람표-10.pdf,1F,CM.064
APO 62-010 문 일람표-10.pdf,1F,CM.065
APO 62-010 문 일람표-10.pdf,1F,CM.066
APO 62-010 문 일람표-10.pdf,1F,CM.067
APO 62-010 문 일람표-10.pdf,1F,CM.068
APO 62-010 문 일람표-10.pdf,1F,CM.069
APO 62-010 문 일람표-10.pdf,1F,CM.070
APO 62-010 문 일람표-10.pdf,1F,CM.071
APO 62-010 문 일람표-10.pdf,1F,CM.072
APO 62-010 문 일람표-10.pdf,1F,CM.073
APO 62-010 문 일람표-10.pdf,1F,CM.074
APO 62-010 문 일람표-10.pdf,1F,CM.075
APO 62-010 문 일람표-10.pdf,1F,CM.076
APO 62-010 문 일람표-10.pdf,1F,CM.077
APO 62-010 문 일람표-10.pdf,1F,CM.078
APO 62-010 문 일람표-10.pdf,1F,CM.079
APO 62-010 문 일람표-10.pdf,1F,CM.080
APO 62-010 문 일람표-10.pdf,1F,CM.081
APO 62-010 문 일람표-10.pdf,1F,CM.082
APO 62-010 문 일람표-10.pdf,1F,CM.083
APO 62-010 문 일람표-10.pdf,1F,CM.084
APO 62-010 문 일람표-10.pdf,1F,CM.087
APO 62-010 문 일람표-10.pdf,1F,CM.088
APO 62-010 문 일람표-10.pdf,1F,CM.089
APO 62-010 문 일람표-10.pdf,1F,CM.090
APO 62-010 문 일람표-10.pdf,1F,CM.091
APO 62-010 문 일람표-10.pdf,1F,CM.092
APO 62-010 문 일람표-10.pdf,1F,CM.093
APO 62-010 문 일람표-10.pdf,1F,CM.094
APO 62-010 문 일람표-10.pdf,1F,CM.095
APO 62-010 문 일람표-10.pdf,1F,CM.096
APO 62-010 문 일람표-10.pdf,1F,CM.097
APO 62-010 문 일람표-10.pdf,1F,CM.098
APO 62-010 문 일람표-10.pdf,1F,CM.099
APO 62-010 문 일람표-10.pdf,1F,CM.100
APO 62-010 문 일람표-10.pdf,1F,CM.101
APO 62-010 문 일람표-10.pdf,1F,CM.102
APO 62-010 문 일람표-10.pdf,1F,CM.103
APO 62-010 문 일람표-10.pdf,1F,CM.104
APO 62-010 문 일람표-10.pdf,1F,CM.105
APO 62-010 문 일람표-10.pdf,1F,CM.106
APO 62-010 문 일람표-10.pdf,1F,CM.107
APO 62-010 문 일람표-10.pdf,1F,CM.108
APO 62-010 문 일람표-10.pdf,1F,CM.109
APO 62-010 문 일람표-10.pdf,1F,CM.110
APO 62-010 문 일람표-10.pdf,1F,CM.111
APO 62-010 문 일람표-10.pdf,1F,CM.112
APO 62-010 문 일람표-10.pdf,1F,CM.113
APO 62-010 문 일람표-10.pdf,1F,CM.114
APO 62-010 문 일람표-10.pdf,1F,CM.115
APO 62-010 문 일람표-10.pdf,1F,CM.116
APO 62-010 문 일람표-10.pdf,1F,CM.117
APO 62-010 문 일람표-10.pdf,1F,CM.118
APO 62-010 문 일람표-10.pdf,1F,CM.121
APO 62-010 문 일람표-10.pdf,1F,CM.122
APO 62-010 문 일람표-10.pdf,1F,CM.123
APO 62-010 문 일람표-10.pdf,1F,CM.124
APO 62-010 문 일람표-10.pdf,1F,CM.125
APO 62-010 문 일람표-10.pdf,1F,CM.126
APO 62-010 문 일람표-10.pdf,1F,CM.127
APO 62-010 문 일람표-10.pdf,1F,CM.128
APO 62-010 문 일람표-10.pdf,1F,CM.129
APO 62-010 문 일람표-10.pdf,1F,CM.130
APO 62-010 문 일람표-10.pdf,1F,CM.131
APO 62-010 문 일람표-10.pdf,1F,CM.132
APO 62-010 문 일람표-10.pdf,1F,CM.133
APO 62-010 문 일람표-10.pdf,1F,CM.134
APO 62-010 문 일람표-10.pdf,1F,CM.135
APO 62-010 문 일람표-10.pdf,1F,CM.136
APO 62-010 문 일람표-10.pdf,1F,CM.137
APO 62-010 문 일람표-10.pdf,1F,CM.138
APO 62-010 문 일람표-10.pdf,1F,CM.139
APO 62-010 문 일람표-10.pdf,1F,CM.140
APO 62-010 문 일람표-10.pdf,1F,CM.141
APO 62-011 문 일람표-11.pdf,1F,OF1.001
APO 62-011 문 일람표-11.pdf,1F,OF1.002
APO 62-011 문 일람표-11.pdf,1F,OF1.003
APO 62-011 문 일람표-11.pdf,1F,OF1.004
APO 62-011 문 일람표-11.pdf,1F,OF1.005
APO 62-011 문 일람표-11.pdf,1F,OF1.006
APO 62-011 문 일람표-11.pdf,1F,OF1.007
APO 62-011 문 일람표-11.pdf,1F,OF1.008
APO 62-011 문 일람표-11.pdf,1F,OF1.009
APO 62-011 문 일람표-11.pdf,1F,OF1.010
APO 62-011 문 일람표-11.pdf,1F,OF1.011
APO 62-011 문 일람표-11.pdf,1F,OF1.012
APO 62-011 문 일람표-11.pdf,1F,OF1.013
APO 62-011 문 일람표-11.pdf,1F,OF1.014
APO 62-011 문 일람표-11.pdf,1F,OF1.015
APO 62-011 문 일람표-11.pdf,1F,OF1.016
APO 62-011 문 일람표-11.pdf,1F,OF1.017
APO 62-011 문 일람표-11.pdf,1F,OF1.019
APO 62-011 문 일람표-11.pdf,1F,OF1.020
APO 62-011 문 일람표-11.pdf,1F,OF1.021
APO 62-011 문 일람표-11.pdf,1F,OF1.023
APO 62-011 문 일람표-11.pdf,1F,OF1.024
APO 62-011 문 일람표-11.pdf,1F,OF1.025
APO 62-011 문 일람표-11.pdf,1F,OF1.026
APO 62-011 문 일람표-11.pdf,1F,OF1.027
APO 62-011 문 일람표-11.pdf,1F,OF1.028
APO 62-011 문 일람표-11.pdf,1F,OF1.029
APO 62-011 문 일람표-11.pdf,1F,OF1.030
APO 62-011 문 일람표-11.pdf,1F,OF1.031
APO 62-011 문 일람표-11.pdf,1F,OF1.032
APO 62-011 문 일람표-11.pdf,1F,OF1.033
APO 62-011 문 일람표-11.pdf,1F,OF1.034
APO 62-011 문 일람표-11.pdf,1F,OF2.001
APO 62-011 문 일람표-11.pdf,1F,OF2.002
APO 62-011 문 일람표-11.pdf,1F,OF2.003
APO 62-011 문 일람표-11.pdf,1F,OF2.004
APO 62-011 문 일람표-11.pdf,1F,OF2.005
APO 62-011 문 일람표-11.pdf,1F,OF2.006
APO 62-011 문 일람표-11.pdf,1F,OF2.007
APO 62-011 문 일람표-11.pdf,1F,OF2.008
APO 62-011 문 일람표-11.pdf,1F,OF2.009
APO 62-011 문 일람표-11.pdf,1F,OF2.010
APO 62-011 문 일람표-11.pdf,1F,OF2.011
APO 62-011 문 일람표-11.pdf,1F,OF2.012
APO 62-011 문 일람표-11.pdf,1F,OF2.013
APO 62-011 문 일람표-11.pdf,1F,OF2.014
APO 62-011 문 일람표-11.pdf,1F,OF2.015
APO 62-011 문 일람표-11.pdf,1F,OF2.016
APO 62-011 문 일람표-11.pdf,1F,OF2.017
APO 62-011 문 일람표-11.pdf,1F,OF2.018
APO 62-011 문 일람표-11.pdf,1F,OF2.019
APO 62-011 문 일람표-11.pdf,1F,OF2.020
APO 62-011 문 일람표-11.pdf,1F,OF3.001
APO 62-011 문 일람표-11.pdf,1F,OF3.002
APO 62-011 문 일람표-11.pdf,1F,OF3.003
APO 62-011 문 일람표-11.pdf,1F,OF3.004
APO 62-011 문 일람표-11.pdf,1F,OF3.005
APO 62-011 문 일람표-11.pdf,1F,OF3.006
APO 62-011 문 일람표-11.pdf,1F,OF3.007
APO 62-011 문 일람표-11.pdf,1F,OF3.008
APO 62-011 문 일람표-11.pdf,1F,OF3.009
APO 62-011 문 일람표-11.pdf,1F,OF3.010
APO 62-011 문 일람표-11.pdf,1F,OF3.012
APO 62-011 문 일람표-11.pdf,1F,OF3.013
APO 62-011 문 일람표-11.pdf,1F,OF3.014
APO 62-011 문 일람표-11.pdf,1F,OF3.015
APO 62-011 문 일람표-11.pdf,1F,OF3.016
APO 62-011 문 일람표-11.pdf,1F,OF3.017
APO 62-011 문 일람표-11.pdf,1F,HO.001
APO 62-011 문 일람표-11.pdf,1F,HO.002
APO 62-011 문 일람표-11.pdf,1F,HO.003
APO 62-011 문 일람표-11.pdf,1F,HO.004
APO 62-011 문 일람표-11.pdf,1F,HO.005
APO 62-011 문 일람표-11.pdf,1F,HO.006
APO 62-011 문 일람표-11.pdf,1F,HO.007
APO 62-011 문 일람표-11.pdf,1F,HO.008
APO 62-011 문 일람표-11.pdf,1F,HO.009
APO 62-011 문 일람표-11.pdf,1F,HO.010
APO 62-011 문 일람표-11.pdf,1F,HO.011
APO 62-011 문 일람표-11.pdf,1F,HO.012
APO 62-011 문 일람표-11.pdf,1F,HO.013
APO 62-011 문 일람표-11.pdf,1F,HO.014
APO 62-011 문 일람표-11.pdf,1F,HO.015
APO 62-011 문 일람표-11.pdf,1F,HO.016
APO 62-011 문 일람표-11.pdf,1F,HO.017
APO 62-011 문 일람표-11.pdf,1F,HO.021
APO 62-011 문 일람표-11.pdf,1F,HO.022
APO 62-011 문 일람표-11.pdf,1F,HO.023
APO 62-011 문 일람표-11.pdf,1F,HO.024
APO 62-011 문 일람표-11.pdf,1F,HO.025
APO 62-011 문 일람표-11.pdf,1F,HO.026
APO 62-011 문 일람표-11.pdf,1F,HO.027
APO 62-011 문 일람표-11.pdf,1F,HO.028
APO 62-011 문 일람표-11.pdf,1F,HO.029
APO 62-011 문 일람표-11.pdf,1F,HO.030
APO 62-011 문 일람표-11.pdf,1F,HO.031
APO 62-011 문 일람표-11.pdf,1F,HO.032
APO 62-011 문 일람표-11.pdf,1F,HO.033
APO 62-011 문 일람표-11.pdf,1F,HO.034
APO 62-011 문 일람표-11.pdf,1F,HO.035
APO 62-011 문 일람표-11.pdf,1F,HO.036
APO 62-011 문 일람표-11.pdf,1F,HO.037
APO 62-011 문 일람표-11.pdf,1F,HO.038
APO 62-011 문 일람표-11.pdf,1F,HO.039
APO 62-011 문 일람표-11.pdf,1F,HO.040
APO 62-011 문 일람표-11.pdf,1F,HO.041
APO 62-011 문 일람표-11.pdf,1F,HO.042
APO 62-012 문 일람표-12.pdf,1F,OT.001
APO 62-012 문 일람표-12.pdf,1F,OT.002
APO 62-012 문 일람표-12.pdf,1F,OT.003
APO 62-012 문 일람표-12.pdf,1F,OT.004
APO 62-012 문 일람표-12.pdf,1F,OT.005
APO 62-012 문 일람표-12.pdf,1F,OT.006
APO 62-012 문 일람표-12.pdf,1F,OT.007
APO 62-012 문 일람표-12.pdf,1F,OT.008
APO 62-012 문 일람표-12.pdf,1F,OT.009
APO 62-012 문 일람표-12.pdf,1F,OT.010
APO 62-012 문 일람표-12.pdf,1F,OT.011
APO 62-012 문 일람표-12.pdf,1F,OT.012
APO 62-012 문 일람표-12.pdf,1F,OT.013
APO 62-012 문 일람표-12.pdf,1F,OT.014
APO 62-012 문 일람표-12.pdf,1F,OT.015
APO 62-012 문 일람표-12.pdf,1F,OT.016
APO 62-012 문 일람표-12.pdf,1F,OT.017
APO 62-012 문 일람표-12.pdf,1F,OT.018
APO 62-012 문 일람표-12.pdf,1F,OT.019
APO 62-012 문 일람표-12.pdf,1F,OT.020
APO 62-012 문 일람표-12.pdf,1F,OT.021
APO 62-012 문 일람표-12.pdf,1F,OT.022
APO 62-012 문 일람표-12.pdf,1F,OT.023
APO 62-012 문 일람표-12.pdf,1F,OT.024
APO 62-012 문 일람표-12.pdf,1F,OT.025
APO 62-012 문 일람표-12.pdf,1F,OT.026
APO 62-012 문 일람표-12.pdf,1F,OT.027
APO 62-012 문 일람표-12.pdf,1F,OT.028
APO 62-012 문 일람표-12.pdf,1F,OT.029
APO 62-012 문 일람표-12.pdf,1F,OT.030
APO 62-012 문 일람표-12.pdf,1F,OT.031
